"tik","g.num"
"BRK-B","G.1."
"BRK-A","G.1."
"CB","G.1."
"AIG","G.1."
"PGR","G.1."
"TRV","G.1."
"ALL","G.1."
"SLF","G.1."
"HIG","G.1."
"MKL","G.1."
"L","G.1."
"XL","G.1."
"CINF","G.1."
"CNA","G.1."
"ACGL","G.1."
"AFG","G.1."
"WRB","G.1."
"Y","G.1."
"RE","G.1."
"ORI","G.1."
"KMPR","G.1."
"RNR","G.1."
"THG","G.1."
"AXS","G.1."
"MTG","G.1."
"ESGR","G.1."
"RDN","G.1."
"SIGI","G.1."
"RLI","G.1."
"ANAT","G.1."
"MCY","G.1."
"WTM","G.1."
"AFSI","G.1."
"PRA","G.1."
"AHL","G.1."
"NAVG","G.1."
"HMN","G.1."
"UVE","G.1."
"SAFT","G.1."
"STFC","G.1."
"UFCS","G.1."
"AMSF","G.1."
"STC","G.1."
"MBI","G.1."
"UIHC","G.1."
"EMCI","G.1."
"GBLI","G.1."
"DGICA","G.1."
"FNHC","G.1."
"MHLD","G.1."
"BRK-B.s1","G.1.s1"
"BRK-A.s1","G.1.s1"
"CB.s1","G.1.s1"
"AIG.s1","G.1.s1"
"PGR.s1","G.1.s1"
"TRV.s1","G.1.s1"
"ALL.s1","G.1.s1"
"SLF.s1","G.1.s1"
"HIG.s1","G.1.s1"
"MKL.s1","G.1.s1"
"L.s1","G.1.s1"
"XL.s1","G.1.s1"
"CINF.s1","G.1.s1"
"CNA.s1","G.1.s1"
"ACGL.s1","G.1.s1"
"AFG.s1","G.1.s1"
"WRB.s1","G.1.s1"
"Y.s1","G.1.s1"
"RE.s1","G.1.s1"
"ORI.s1","G.1.s1"
"KMPR.s1","G.1.s1"
"RNR.s1","G.1.s1"
"THG.s1","G.1.s1"
"AXS.s1","G.1.s1"
"MTG.s1","G.1.s1"
"ESGR.s1","G.1.s1"
"RDN.s1","G.1.s1"
"SIGI.s1","G.1.s1"
"RLI.s1","G.1.s1"
"ANAT.s1","G.1.s1"
"MCY.s1","G.1.s1"
"WTM.s1","G.1.s1"
"AFSI.s1","G.1.s1"
"PRA.s1","G.1.s1"
"AHL.s1","G.1.s1"
"NAVG.s1","G.1.s1"
"HMN.s1","G.1.s1"
"UVE.s1","G.1.s1"
"SAFT.s1","G.1.s1"
"STFC.s1","G.1.s1"
"UFCS.s1","G.1.s1"
"AMSF.s1","G.1.s1"
"STC.s1","G.1.s1"
"MBI.s1","G.1.s1"
"UIHC.s1","G.1.s1"
"EMCI.s1","G.1.s1"
"GBLI.s1","G.1.s1"
"DGICA.s1","G.1.s1"
"FNHC.s1","G.1.s1"
"MHLD.s1","G.1.s1"
"BRK-B.s5","G.1.s5"
"BRK-A.s5","G.1.s5"
"CB.s5","G.1.s5"
"AIG.s5","G.1.s5"
"PGR.s5","G.1.s5"
"TRV.s5","G.1.s5"
"ALL.s5","G.1.s5"
"SLF.s5","G.1.s5"
"HIG.s5","G.1.s5"
"MKL.s5","G.1.s5"
"L.s5","G.1.s5"
"XL.s5","G.1.s5"
"CINF.s5","G.1.s5"
"CNA.s5","G.1.s5"
"ACGL.s5","G.1.s5"
"AFG.s5","G.1.s5"
"WRB.s5","G.1.s5"
"Y.s5","G.1.s5"
"RE.s5","G.1.s5"
"ORI.s5","G.1.s5"
"KMPR.s5","G.1.s5"
"RNR.s5","G.1.s5"
"THG.s5","G.1.s5"
"AXS.s5","G.1.s5"
"MTG.s5","G.1.s5"
"ESGR.s5","G.1.s5"
"RDN.s5","G.1.s5"
"SIGI.s5","G.1.s5"
"RLI.s5","G.1.s5"
"ANAT.s5","G.1.s5"
"MCY.s5","G.1.s5"
"WTM.s5","G.1.s5"
"AFSI.s5","G.1.s5"
"PRA.s5","G.1.s5"
"AHL.s5","G.1.s5"
"NAVG.s5","G.1.s5"
"HMN.s5","G.1.s5"
"UVE.s5","G.1.s5"
"SAFT.s5","G.1.s5"
"STFC.s5","G.1.s5"
"UFCS.s5","G.1.s5"
"AMSF.s5","G.1.s5"
"STC.s5","G.1.s5"
"MBI.s5","G.1.s5"
"UIHC.s5","G.1.s5"
"EMCI.s5","G.1.s5"
"GBLI.s5","G.1.s5"
"DGICA.s5","G.1.s5"
"FNHC.s5","G.1.s5"
"MHLD.s5","G.1.s5"
"BRK-B.s30","G.1.s30"
"BRK-A.s30","G.1.s30"
"CB.s30","G.1.s30"
"AIG.s30","G.1.s30"
"PGR.s30","G.1.s30"
"TRV.s30","G.1.s30"
"ALL.s30","G.1.s30"
"SLF.s30","G.1.s30"
"HIG.s30","G.1.s30"
"MKL.s30","G.1.s30"
"L.s30","G.1.s30"
"XL.s30","G.1.s30"
"CINF.s30","G.1.s30"
"CNA.s30","G.1.s30"
"ACGL.s30","G.1.s30"
"AFG.s30","G.1.s30"
"WRB.s30","G.1.s30"
"Y.s30","G.1.s30"
"RE.s30","G.1.s30"
"ORI.s30","G.1.s30"
"KMPR.s30","G.1.s30"
"RNR.s30","G.1.s30"
"THG.s30","G.1.s30"
"AXS.s30","G.1.s30"
"MTG.s30","G.1.s30"
"ESGR.s30","G.1.s30"
"RDN.s30","G.1.s30"
"SIGI.s30","G.1.s30"
"RLI.s30","G.1.s30"
"ANAT.s30","G.1.s30"
"MCY.s30","G.1.s30"
"WTM.s30","G.1.s30"
"AFSI.s30","G.1.s30"
"PRA.s30","G.1.s30"
"AHL.s30","G.1.s30"
"NAVG.s30","G.1.s30"
"HMN.s30","G.1.s30"
"UVE.s30","G.1.s30"
"SAFT.s30","G.1.s30"
"STFC.s30","G.1.s30"
"UFCS.s30","G.1.s30"
"AMSF.s30","G.1.s30"
"STC.s30","G.1.s30"
"MBI.s30","G.1.s30"
"UIHC.s30","G.1.s30"
"EMCI.s30","G.1.s30"
"GBLI.s30","G.1.s30"
"DGICA.s30","G.1.s30"
"FNHC.s30","G.1.s30"
"MHLD.s30","G.1.s30"
"AMGN","G.2."
"GILD","G.2."
"NVO","G.2."
"BIIB","G.2."
"CELG","G.2."
"SHPG","G.2."
"VRTX","G.2."
"REGN","G.2."
"ALXN","G.2."
"BMRN","G.2."
"INCY","G.2."
"SGEN","G.2."
"NBIX","G.2."
"NKTR","G.2."
"ALNY","G.2."
"JAZZ","G.2."
"SRPT","G.2."
"TECH","G.2."
"ALKS","G.2."
"IONS","G.2."
"LGND","G.2."
"UTHR","G.2."
"EXEL","G.2."
"IMMU","G.2."
"MDGL","G.2."
"OPK","G.2."
"EBS","G.2."
"ARRY","G.2."
"CBPO","G.2."
"HALO","G.2."
"RGEN","G.2."
"SPPI","G.2."
"FOLD","G.2."
"CBM","G.2."
"ARNA","G.2."
"ARWR","G.2."
"RUBY","G.2."
"ACAD","G.2."
"CORT","G.2."
"INSM","G.2."
"INVA","G.2."
"SGMO","G.2."
"IMGN","G.2."
"LXRX","G.2."
"GERN","G.2."
"VNDA","G.2."
"CERS","G.2."
"AMRN","G.2."
"ACOR","G.2."
"CO","G.2."
"AMGN.s1","G.2.s1"
"GILD.s1","G.2.s1"
"NVO.s1","G.2.s1"
"BIIB.s1","G.2.s1"
"CELG.s1","G.2.s1"
"SHPG.s1","G.2.s1"
"VRTX.s1","G.2.s1"
"REGN.s1","G.2.s1"
"ALXN.s1","G.2.s1"
"BMRN.s1","G.2.s1"
"INCY.s1","G.2.s1"
"SGEN.s1","G.2.s1"
"NBIX.s1","G.2.s1"
"NKTR.s1","G.2.s1"
"ALNY.s1","G.2.s1"
"JAZZ.s1","G.2.s1"
"SRPT.s1","G.2.s1"
"TECH.s1","G.2.s1"
"ALKS.s1","G.2.s1"
"IONS.s1","G.2.s1"
"LGND.s1","G.2.s1"
"UTHR.s1","G.2.s1"
"EXEL.s1","G.2.s1"
"IMMU.s1","G.2.s1"
"MDGL.s1","G.2.s1"
"OPK.s1","G.2.s1"
"EBS.s1","G.2.s1"
"ARRY.s1","G.2.s1"
"CBPO.s1","G.2.s1"
"HALO.s1","G.2.s1"
"RGEN.s1","G.2.s1"
"SPPI.s1","G.2.s1"
"FOLD.s1","G.2.s1"
"CBM.s1","G.2.s1"
"ARNA.s1","G.2.s1"
"ARWR.s1","G.2.s1"
"RUBY.s1","G.2.s1"
"ACAD.s1","G.2.s1"
"CORT.s1","G.2.s1"
"INSM.s1","G.2.s1"
"INVA.s1","G.2.s1"
"SGMO.s1","G.2.s1"
"IMGN.s1","G.2.s1"
"LXRX.s1","G.2.s1"
"GERN.s1","G.2.s1"
"VNDA.s1","G.2.s1"
"CERS.s1","G.2.s1"
"AMRN.s1","G.2.s1"
"ACOR.s1","G.2.s1"
"CO.s1","G.2.s1"
"AMGN.s5","G.2.s5"
"GILD.s5","G.2.s5"
"NVO.s5","G.2.s5"
"BIIB.s5","G.2.s5"
"CELG.s5","G.2.s5"
"SHPG.s5","G.2.s5"
"VRTX.s5","G.2.s5"
"REGN.s5","G.2.s5"
"ALXN.s5","G.2.s5"
"BMRN.s5","G.2.s5"
"INCY.s5","G.2.s5"
"SGEN.s5","G.2.s5"
"NBIX.s5","G.2.s5"
"NKTR.s5","G.2.s5"
"ALNY.s5","G.2.s5"
"JAZZ.s5","G.2.s5"
"SRPT.s5","G.2.s5"
"TECH.s5","G.2.s5"
"ALKS.s5","G.2.s5"
"IONS.s5","G.2.s5"
"LGND.s5","G.2.s5"
"UTHR.s5","G.2.s5"
"EXEL.s5","G.2.s5"
"IMMU.s5","G.2.s5"
"MDGL.s5","G.2.s5"
"OPK.s5","G.2.s5"
"EBS.s5","G.2.s5"
"ARRY.s5","G.2.s5"
"CBPO.s5","G.2.s5"
"HALO.s5","G.2.s5"
"RGEN.s5","G.2.s5"
"SPPI.s5","G.2.s5"
"FOLD.s5","G.2.s5"
"CBM.s5","G.2.s5"
"ARNA.s5","G.2.s5"
"ARWR.s5","G.2.s5"
"RUBY.s5","G.2.s5"
"ACAD.s5","G.2.s5"
"CORT.s5","G.2.s5"
"INSM.s5","G.2.s5"
"INVA.s5","G.2.s5"
"SGMO.s5","G.2.s5"
"IMGN.s5","G.2.s5"
"LXRX.s5","G.2.s5"
"GERN.s5","G.2.s5"
"VNDA.s5","G.2.s5"
"CERS.s5","G.2.s5"
"AMRN.s5","G.2.s5"
"ACOR.s5","G.2.s5"
"CO.s5","G.2.s5"
"AMGN.s30","G.2.s30"
"GILD.s30","G.2.s30"
"NVO.s30","G.2.s30"
"BIIB.s30","G.2.s30"
"CELG.s30","G.2.s30"
"SHPG.s30","G.2.s30"
"VRTX.s30","G.2.s30"
"REGN.s30","G.2.s30"
"ALXN.s30","G.2.s30"
"BMRN.s30","G.2.s30"
"INCY.s30","G.2.s30"
"SGEN.s30","G.2.s30"
"NBIX.s30","G.2.s30"
"NKTR.s30","G.2.s30"
"ALNY.s30","G.2.s30"
"JAZZ.s30","G.2.s30"
"SRPT.s30","G.2.s30"
"TECH.s30","G.2.s30"
"ALKS.s30","G.2.s30"
"IONS.s30","G.2.s30"
"LGND.s30","G.2.s30"
"UTHR.s30","G.2.s30"
"EXEL.s30","G.2.s30"
"IMMU.s30","G.2.s30"
"MDGL.s30","G.2.s30"
"OPK.s30","G.2.s30"
"EBS.s30","G.2.s30"
"ARRY.s30","G.2.s30"
"CBPO.s30","G.2.s30"
"HALO.s30","G.2.s30"
"RGEN.s30","G.2.s30"
"SPPI.s30","G.2.s30"
"FOLD.s30","G.2.s30"
"CBM.s30","G.2.s30"
"ARNA.s30","G.2.s30"
"ARWR.s30","G.2.s30"
"RUBY.s30","G.2.s30"
"ACAD.s30","G.2.s30"
"CORT.s30","G.2.s30"
"INSM.s30","G.2.s30"
"INVA.s30","G.2.s30"
"SGMO.s30","G.2.s30"
"IMGN.s30","G.2.s30"
"LXRX.s30","G.2.s30"
"GERN.s30","G.2.s30"
"VNDA.s30","G.2.s30"
"CERS.s30","G.2.s30"
"AMRN.s30","G.2.s30"
"ACOR.s30","G.2.s30"
"CO.s30","G.2.s30"
"MMM","G.3."
"HON","G.3."
"GE","G.3."
"DHR","G.3."
"ABB","G.3."
"ITW","G.3."
"ETN","G.3."
"ROP","G.3."
"IR","G.3."
"CMI","G.3."
"ROK","G.3."
"AME","G.3."
"DOV","G.3."
"IEX","G.3."
"ZBRA","G.3."
"LII","G.3."
"NDSN","G.3."
"GGG","G.3."
"DCI","G.3."
"MIDD","G.3."
"FLS","G.3."
"CW","G.3."
"CR","G.3."
"ITT","G.3."
"CFX","G.3."
"JBT","G.3."
"RBC","G.3."
"HI","G.3."
"ATU","G.3."
"RAVN","G.3."
"SPXC","G.3."
"AZZ","G.3."
"TNC","G.3."
"KAI","G.3."
"GRC","G.3."
"BGG","G.3."
"CYD","G.3."
"POWL","G.3."
"TWIN","G.3."
"XRM","G.3."
"MNTX","G.3."
"INS","G.3."
"AP","G.3."
"HDSN","G.3."
"TAYD","G.3."
"CVV","G.3."
"CTEK","G.3."
"BWEN","G.3."
"CUO","G.3."
"WSCI","G.3."
"MMM.s1","G.3.s1"
"HON.s1","G.3.s1"
"GE.s1","G.3.s1"
"DHR.s1","G.3.s1"
"ABB.s1","G.3.s1"
"ITW.s1","G.3.s1"
"ETN.s1","G.3.s1"
"ROP.s1","G.3.s1"
"IR.s1","G.3.s1"
"CMI.s1","G.3.s1"
"ROK.s1","G.3.s1"
"AME.s1","G.3.s1"
"DOV.s1","G.3.s1"
"IEX.s1","G.3.s1"
"ZBRA.s1","G.3.s1"
"LII.s1","G.3.s1"
"NDSN.s1","G.3.s1"
"GGG.s1","G.3.s1"
"DCI.s1","G.3.s1"
"MIDD.s1","G.3.s1"
"FLS.s1","G.3.s1"
"CW.s1","G.3.s1"
"CR.s1","G.3.s1"
"ITT.s1","G.3.s1"
"CFX.s1","G.3.s1"
"JBT.s1","G.3.s1"
"RBC.s1","G.3.s1"
"HI.s1","G.3.s1"
"ATU.s1","G.3.s1"
"RAVN.s1","G.3.s1"
"SPXC.s1","G.3.s1"
"AZZ.s1","G.3.s1"
"TNC.s1","G.3.s1"
"KAI.s1","G.3.s1"
"GRC.s1","G.3.s1"
"BGG.s1","G.3.s1"
"CYD.s1","G.3.s1"
"POWL.s1","G.3.s1"
"TWIN.s1","G.3.s1"
"XRM.s1","G.3.s1"
"MNTX.s1","G.3.s1"
"INS.s1","G.3.s1"
"AP.s1","G.3.s1"
"HDSN.s1","G.3.s1"
"TAYD.s1","G.3.s1"
"CVV.s1","G.3.s1"
"CTEK.s1","G.3.s1"
"BWEN.s1","G.3.s1"
"CUO.s1","G.3.s1"
"WSCI.s1","G.3.s1"
"MMM.s5","G.3.s5"
"HON.s5","G.3.s5"
"GE.s5","G.3.s5"
"DHR.s5","G.3.s5"
"ABB.s5","G.3.s5"
"ITW.s5","G.3.s5"
"ETN.s5","G.3.s5"
"ROP.s5","G.3.s5"
"IR.s5","G.3.s5"
"CMI.s5","G.3.s5"
"ROK.s5","G.3.s5"
"AME.s5","G.3.s5"
"DOV.s5","G.3.s5"
"IEX.s5","G.3.s5"
"ZBRA.s5","G.3.s5"
"LII.s5","G.3.s5"
"NDSN.s5","G.3.s5"
"GGG.s5","G.3.s5"
"DCI.s5","G.3.s5"
"MIDD.s5","G.3.s5"
"FLS.s5","G.3.s5"
"CW.s5","G.3.s5"
"CR.s5","G.3.s5"
"ITT.s5","G.3.s5"
"CFX.s5","G.3.s5"
"JBT.s5","G.3.s5"
"RBC.s5","G.3.s5"
"HI.s5","G.3.s5"
"ATU.s5","G.3.s5"
"RAVN.s5","G.3.s5"
"SPXC.s5","G.3.s5"
"AZZ.s5","G.3.s5"
"TNC.s5","G.3.s5"
"KAI.s5","G.3.s5"
"GRC.s5","G.3.s5"
"BGG.s5","G.3.s5"
"CYD.s5","G.3.s5"
"POWL.s5","G.3.s5"
"TWIN.s5","G.3.s5"
"XRM.s5","G.3.s5"
"MNTX.s5","G.3.s5"
"INS.s5","G.3.s5"
"AP.s5","G.3.s5"
"HDSN.s5","G.3.s5"
"TAYD.s5","G.3.s5"
"CVV.s5","G.3.s5"
"CTEK.s5","G.3.s5"
"BWEN.s5","G.3.s5"
"CUO.s5","G.3.s5"
"WSCI.s5","G.3.s5"
"MMM.s30","G.3.s30"
"HON.s30","G.3.s30"
"GE.s30","G.3.s30"
"DHR.s30","G.3.s30"
"ABB.s30","G.3.s30"
"ITW.s30","G.3.s30"
"ETN.s30","G.3.s30"
"ROP.s30","G.3.s30"
"IR.s30","G.3.s30"
"CMI.s30","G.3.s30"
"ROK.s30","G.3.s30"
"AME.s30","G.3.s30"
"DOV.s30","G.3.s30"
"IEX.s30","G.3.s30"
"ZBRA.s30","G.3.s30"
"LII.s30","G.3.s30"
"NDSN.s30","G.3.s30"
"GGG.s30","G.3.s30"
"DCI.s30","G.3.s30"
"MIDD.s30","G.3.s30"
"FLS.s30","G.3.s30"
"CW.s30","G.3.s30"
"CR.s30","G.3.s30"
"ITT.s30","G.3.s30"
"CFX.s30","G.3.s30"
"JBT.s30","G.3.s30"
"RBC.s30","G.3.s30"
"HI.s30","G.3.s30"
"ATU.s30","G.3.s30"
"RAVN.s30","G.3.s30"
"SPXC.s30","G.3.s30"
"AZZ.s30","G.3.s30"
"TNC.s30","G.3.s30"
"KAI.s30","G.3.s30"
"GRC.s30","G.3.s30"
"BGG.s30","G.3.s30"
"CYD.s30","G.3.s30"
"POWL.s30","G.3.s30"
"TWIN.s30","G.3.s30"
"XRM.s30","G.3.s30"
"MNTX.s30","G.3.s30"
"INS.s30","G.3.s30"
"AP.s30","G.3.s30"
"HDSN.s30","G.3.s30"
"TAYD.s30","G.3.s30"
"CVV.s30","G.3.s30"
"CTEK.s30","G.3.s30"
"BWEN.s30","G.3.s30"
"CUO.s30","G.3.s30"
"WSCI.s30","G.3.s30"
"COP","G.4."
"EOG","G.4."
"SU","G.4."
"EPD","G.4."
"OXY","G.4."
"CNQ","G.4."
"APC","G.4."
"PXD","G.4."
"CLR","G.4."
"DVN","G.4."
"HES","G.4."
"MRO","G.4."
"APA","G.4."
"NBL","G.4."
"EQT","G.4."
"COG","G.4."
"XEC","G.4."
"EGN","G.4."
"ENLK","G.4."
"NFX","G.4."
"MUR","G.4."
"NFG","G.4."
"RRC","G.4."
"CHK","G.4."
"SM","G.4."
"PDCE","G.4."
"CNX","G.4."
"CPG","G.4."
"SWN","G.4."
"BRY","G.4."
"CPE","G.4."
"DNR","G.4."
"CRZO","G.4."
"GPOR","G.4."
"GTE","G.4."
"EEQ","G.4."
"REN","G.4."
"BTE","G.4."
"ESTE","G.4."
"PBT","G.4."
"LGCY","G.4."
"AXAS","G.4."
"ISRL","G.4."
"EPM","G.4."
"PHX","G.4."
"TGA","G.4."
"SJT","G.4."
"LONE","G.4."
"AREX","G.4."
"MCF","G.4."
"COP.s1","G.4.s1"
"EOG.s1","G.4.s1"
"SU.s1","G.4.s1"
"EPD.s1","G.4.s1"
"OXY.s1","G.4.s1"
"CNQ.s1","G.4.s1"
"APC.s1","G.4.s1"
"PXD.s1","G.4.s1"
"CLR.s1","G.4.s1"
"DVN.s1","G.4.s1"
"HES.s1","G.4.s1"
"MRO.s1","G.4.s1"
"APA.s1","G.4.s1"
"NBL.s1","G.4.s1"
"EQT.s1","G.4.s1"
"COG.s1","G.4.s1"
"XEC.s1","G.4.s1"
"EGN.s1","G.4.s1"
"ENLK.s1","G.4.s1"
"NFX.s1","G.4.s1"
"MUR.s1","G.4.s1"
"NFG.s1","G.4.s1"
"RRC.s1","G.4.s1"
"CHK.s1","G.4.s1"
"SM.s1","G.4.s1"
"PDCE.s1","G.4.s1"
"CNX.s1","G.4.s1"
"CPG.s1","G.4.s1"
"SWN.s1","G.4.s1"
"BRY.s1","G.4.s1"
"CPE.s1","G.4.s1"
"DNR.s1","G.4.s1"
"CRZO.s1","G.4.s1"
"GPOR.s1","G.4.s1"
"GTE.s1","G.4.s1"
"EEQ.s1","G.4.s1"
"REN.s1","G.4.s1"
"BTE.s1","G.4.s1"
"ESTE.s1","G.4.s1"
"PBT.s1","G.4.s1"
"LGCY.s1","G.4.s1"
"AXAS.s1","G.4.s1"
"ISRL.s1","G.4.s1"
"EPM.s1","G.4.s1"
"PHX.s1","G.4.s1"
"TGA.s1","G.4.s1"
"SJT.s1","G.4.s1"
"LONE.s1","G.4.s1"
"AREX.s1","G.4.s1"
"MCF.s1","G.4.s1"
"COP.s5","G.4.s5"
"EOG.s5","G.4.s5"
"SU.s5","G.4.s5"
"EPD.s5","G.4.s5"
"OXY.s5","G.4.s5"
"CNQ.s5","G.4.s5"
"APC.s5","G.4.s5"
"PXD.s5","G.4.s5"
"CLR.s5","G.4.s5"
"DVN.s5","G.4.s5"
"HES.s5","G.4.s5"
"MRO.s5","G.4.s5"
"APA.s5","G.4.s5"
"NBL.s5","G.4.s5"
"EQT.s5","G.4.s5"
"COG.s5","G.4.s5"
"XEC.s5","G.4.s5"
"EGN.s5","G.4.s5"
"ENLK.s5","G.4.s5"
"NFX.s5","G.4.s5"
"MUR.s5","G.4.s5"
"NFG.s5","G.4.s5"
"RRC.s5","G.4.s5"
"CHK.s5","G.4.s5"
"SM.s5","G.4.s5"
"PDCE.s5","G.4.s5"
"CNX.s5","G.4.s5"
"CPG.s5","G.4.s5"
"SWN.s5","G.4.s5"
"BRY.s5","G.4.s5"
"CPE.s5","G.4.s5"
"DNR.s5","G.4.s5"
"CRZO.s5","G.4.s5"
"GPOR.s5","G.4.s5"
"GTE.s5","G.4.s5"
"EEQ.s5","G.4.s5"
"REN.s5","G.4.s5"
"BTE.s5","G.4.s5"
"ESTE.s5","G.4.s5"
"PBT.s5","G.4.s5"
"LGCY.s5","G.4.s5"
"AXAS.s5","G.4.s5"
"ISRL.s5","G.4.s5"
"EPM.s5","G.4.s5"
"PHX.s5","G.4.s5"
"TGA.s5","G.4.s5"
"SJT.s5","G.4.s5"
"LONE.s5","G.4.s5"
"AREX.s5","G.4.s5"
"MCF.s5","G.4.s5"
"COP.s30","G.4.s30"
"EOG.s30","G.4.s30"
"SU.s30","G.4.s30"
"EPD.s30","G.4.s30"
"OXY.s30","G.4.s30"
"CNQ.s30","G.4.s30"
"APC.s30","G.4.s30"
"PXD.s30","G.4.s30"
"CLR.s30","G.4.s30"
"DVN.s30","G.4.s30"
"HES.s30","G.4.s30"
"MRO.s30","G.4.s30"
"APA.s30","G.4.s30"
"NBL.s30","G.4.s30"
"EQT.s30","G.4.s30"
"COG.s30","G.4.s30"
"XEC.s30","G.4.s30"
"EGN.s30","G.4.s30"
"ENLK.s30","G.4.s30"
"NFX.s30","G.4.s30"
"MUR.s30","G.4.s30"
"NFG.s30","G.4.s30"
"RRC.s30","G.4.s30"
"CHK.s30","G.4.s30"
"SM.s30","G.4.s30"
"PDCE.s30","G.4.s30"
"CNX.s30","G.4.s30"
"CPG.s30","G.4.s30"
"SWN.s30","G.4.s30"
"BRY.s30","G.4.s30"
"CPE.s30","G.4.s30"
"DNR.s30","G.4.s30"
"CRZO.s30","G.4.s30"
"GPOR.s30","G.4.s30"
"GTE.s30","G.4.s30"
"EEQ.s30","G.4.s30"
"REN.s30","G.4.s30"
"BTE.s30","G.4.s30"
"ESTE.s30","G.4.s30"
"PBT.s30","G.4.s30"
"LGCY.s30","G.4.s30"
"AXAS.s30","G.4.s30"
"ISRL.s30","G.4.s30"
"EPM.s30","G.4.s30"
"PHX.s30","G.4.s30"
"TGA.s30","G.4.s30"
"SJT.s30","G.4.s30"
"LONE.s30","G.4.s30"
"AREX.s30","G.4.s30"
"MCF.s30","G.4.s30"
"CSCO","G.5."
"QCOM","G.5."
"NOK","G.5."
"ERIC","G.5."
"MSI","G.5."
"HRS","G.5."
"JNPR","G.5."
"ARRS","G.5."
"SATS","G.5."
"CIEN","G.5."
"VSAT","G.5."
"PLT","G.5."
"VIAV","G.5."
"FNSR","G.5."
"NTGR","G.5."
"RDWR","G.5."
"INFN","G.5."
"IIJI","G.5."
"SMCI","G.5."
"LORL","G.5."
"CMTL","G.5."
"CAMP","G.5."
"ITRN","G.5."
"ADTN","G.5."
"SWIR","G.5."
"EXTR","G.5."
"GILT","G.5."
"HLIT","G.5."
"DGII","G.5."
"SILC","G.5."
"AUDC","G.5."
"INSG","G.5."
"CRNT","G.5."
"EXFO","G.5."
"KVHI","G.5."
"ALLT","G.5."
"CLFD","G.5."
"ITI","G.5."
"DZSI","G.5."
"TESS","G.5."
"IDSY","G.5."
"LTRX","G.5."
"PNTR","G.5."
"AVNW","G.5."
"FTNW","G.5."
"PCTI","G.5."
"FEIM","G.5."
"WSTL","G.5."
"ELON","G.5."
"WTT","G.5."
"CSCO.s1","G.5.s1"
"QCOM.s1","G.5.s1"
"NOK.s1","G.5.s1"
"ERIC.s1","G.5.s1"
"MSI.s1","G.5.s1"
"HRS.s1","G.5.s1"
"JNPR.s1","G.5.s1"
"ARRS.s1","G.5.s1"
"SATS.s1","G.5.s1"
"CIEN.s1","G.5.s1"
"VSAT.s1","G.5.s1"
"PLT.s1","G.5.s1"
"VIAV.s1","G.5.s1"
"FNSR.s1","G.5.s1"
"NTGR.s1","G.5.s1"
"RDWR.s1","G.5.s1"
"INFN.s1","G.5.s1"
"IIJI.s1","G.5.s1"
"SMCI.s1","G.5.s1"
"LORL.s1","G.5.s1"
"CMTL.s1","G.5.s1"
"CAMP.s1","G.5.s1"
"ITRN.s1","G.5.s1"
"ADTN.s1","G.5.s1"
"SWIR.s1","G.5.s1"
"EXTR.s1","G.5.s1"
"GILT.s1","G.5.s1"
"HLIT.s1","G.5.s1"
"DGII.s1","G.5.s1"
"SILC.s1","G.5.s1"
"AUDC.s1","G.5.s1"
"INSG.s1","G.5.s1"
"CRNT.s1","G.5.s1"
"EXFO.s1","G.5.s1"
"KVHI.s1","G.5.s1"
"ALLT.s1","G.5.s1"
"CLFD.s1","G.5.s1"
"ITI.s1","G.5.s1"
"DZSI.s1","G.5.s1"
"TESS.s1","G.5.s1"
"IDSY.s1","G.5.s1"
"LTRX.s1","G.5.s1"
"PNTR.s1","G.5.s1"
"AVNW.s1","G.5.s1"
"FTNW.s1","G.5.s1"
"PCTI.s1","G.5.s1"
"FEIM.s1","G.5.s1"
"WSTL.s1","G.5.s1"
"ELON.s1","G.5.s1"
"WTT.s1","G.5.s1"
"CSCO.s5","G.5.s5"
"QCOM.s5","G.5.s5"
"NOK.s5","G.5.s5"
"ERIC.s5","G.5.s5"
"MSI.s5","G.5.s5"
"HRS.s5","G.5.s5"
"JNPR.s5","G.5.s5"
"ARRS.s5","G.5.s5"
"SATS.s5","G.5.s5"
"CIEN.s5","G.5.s5"
"VSAT.s5","G.5.s5"
"PLT.s5","G.5.s5"
"VIAV.s5","G.5.s5"
"FNSR.s5","G.5.s5"
"NTGR.s5","G.5.s5"
"RDWR.s5","G.5.s5"
"INFN.s5","G.5.s5"
"IIJI.s5","G.5.s5"
"SMCI.s5","G.5.s5"
"LORL.s5","G.5.s5"
"CMTL.s5","G.5.s5"
"CAMP.s5","G.5.s5"
"ITRN.s5","G.5.s5"
"ADTN.s5","G.5.s5"
"SWIR.s5","G.5.s5"
"EXTR.s5","G.5.s5"
"GILT.s5","G.5.s5"
"HLIT.s5","G.5.s5"
"DGII.s5","G.5.s5"
"SILC.s5","G.5.s5"
"AUDC.s5","G.5.s5"
"INSG.s5","G.5.s5"
"CRNT.s5","G.5.s5"
"EXFO.s5","G.5.s5"
"KVHI.s5","G.5.s5"
"ALLT.s5","G.5.s5"
"CLFD.s5","G.5.s5"
"ITI.s5","G.5.s5"
"DZSI.s5","G.5.s5"
"TESS.s5","G.5.s5"
"IDSY.s5","G.5.s5"
"LTRX.s5","G.5.s5"
"PNTR.s5","G.5.s5"
"AVNW.s5","G.5.s5"
"FTNW.s5","G.5.s5"
"PCTI.s5","G.5.s5"
"FEIM.s5","G.5.s5"
"WSTL.s5","G.5.s5"
"ELON.s5","G.5.s5"
"WTT.s5","G.5.s5"
"CSCO.s30","G.5.s30"
"QCOM.s30","G.5.s30"
"NOK.s30","G.5.s30"
"ERIC.s30","G.5.s30"
"MSI.s30","G.5.s30"
"HRS.s30","G.5.s30"
"JNPR.s30","G.5.s30"
"ARRS.s30","G.5.s30"
"SATS.s30","G.5.s30"
"CIEN.s30","G.5.s30"
"VSAT.s30","G.5.s30"
"PLT.s30","G.5.s30"
"VIAV.s30","G.5.s30"
"FNSR.s30","G.5.s30"
"NTGR.s30","G.5.s30"
"RDWR.s30","G.5.s30"
"INFN.s30","G.5.s30"
"IIJI.s30","G.5.s30"
"SMCI.s30","G.5.s30"
"LORL.s30","G.5.s30"
"CMTL.s30","G.5.s30"
"CAMP.s30","G.5.s30"
"ITRN.s30","G.5.s30"
"ADTN.s30","G.5.s30"
"SWIR.s30","G.5.s30"
"EXTR.s30","G.5.s30"
"GILT.s30","G.5.s30"
"HLIT.s30","G.5.s30"
"DGII.s30","G.5.s30"
"SILC.s30","G.5.s30"
"AUDC.s30","G.5.s30"
"INSG.s30","G.5.s30"
"CRNT.s30","G.5.s30"
"EXFO.s30","G.5.s30"
"KVHI.s30","G.5.s30"
"ALLT.s30","G.5.s30"
"CLFD.s30","G.5.s30"
"ITI.s30","G.5.s30"
"DZSI.s30","G.5.s30"
"TESS.s30","G.5.s30"
"IDSY.s30","G.5.s30"
"LTRX.s30","G.5.s30"
"PNTR.s30","G.5.s30"
"AVNW.s30","G.5.s30"
"FTNW.s30","G.5.s30"
"PCTI.s30","G.5.s30"
"FEIM.s30","G.5.s30"
"WSTL.s30","G.5.s30"
"ELON.s30","G.5.s30"
"WTT.s30","G.5.s30"
"BLK","G.6."
"BK","G.6."
"BX","G.6."
"AABA","G.6."
"STT","G.6."
"TROW","G.6."
"NTRS","G.6."
"AMP","G.6."
"BEN","G.6."
"SEIC","G.6."
"IVZ","G.6."
"AMG","G.6."
"JEF","G.6."
"EV","G.6."
"LAZ","G.6."
"EVR","G.6."
"NVG","G.6."
"AB","G.6."
"PSEC","G.6."
"LM","G.6."
"FII","G.6."
"NZF","G.6."
"CNS","G.6."
"WDR","G.6."
"EVV","G.6."
"WETF","G.6."
"AINV","G.6."
"ECPG","G.6."
"OZM","G.6."
"AC","G.6."
"NMZ","G.6."
"EIM","G.6."
"GBL","G.6."
"CET","G.6."
"IFN","G.6."
"PZN","G.6."
"NKX","G.6."
"CLM","G.6."
"DHIL","G.6."
"RILY","G.6."
"MVF","G.6."
"EAD","G.6."
"NXJ","G.6."
"PNNT","G.6."
"WHG","G.6."
"BKCC","G.6."
"CORR","G.6."
"FEN","G.6."
"ERC","G.6."
"GLO","G.6."
"BLK.s1","G.6.s1"
"BK.s1","G.6.s1"
"BX.s1","G.6.s1"
"AABA.s1","G.6.s1"
"STT.s1","G.6.s1"
"TROW.s1","G.6.s1"
"NTRS.s1","G.6.s1"
"AMP.s1","G.6.s1"
"BEN.s1","G.6.s1"
"SEIC.s1","G.6.s1"
"IVZ.s1","G.6.s1"
"AMG.s1","G.6.s1"
"JEF.s1","G.6.s1"
"EV.s1","G.6.s1"
"LAZ.s1","G.6.s1"
"EVR.s1","G.6.s1"
"NVG.s1","G.6.s1"
"AB.s1","G.6.s1"
"PSEC.s1","G.6.s1"
"LM.s1","G.6.s1"
"FII.s1","G.6.s1"
"NZF.s1","G.6.s1"
"CNS.s1","G.6.s1"
"WDR.s1","G.6.s1"
"EVV.s1","G.6.s1"
"WETF.s1","G.6.s1"
"AINV.s1","G.6.s1"
"ECPG.s1","G.6.s1"
"OZM.s1","G.6.s1"
"AC.s1","G.6.s1"
"NMZ.s1","G.6.s1"
"EIM.s1","G.6.s1"
"GBL.s1","G.6.s1"
"CET.s1","G.6.s1"
"IFN.s1","G.6.s1"
"PZN.s1","G.6.s1"
"NKX.s1","G.6.s1"
"CLM.s1","G.6.s1"
"DHIL.s1","G.6.s1"
"RILY.s1","G.6.s1"
"MVF.s1","G.6.s1"
"EAD.s1","G.6.s1"
"NXJ.s1","G.6.s1"
"PNNT.s1","G.6.s1"
"WHG.s1","G.6.s1"
"BKCC.s1","G.6.s1"
"CORR.s1","G.6.s1"
"FEN.s1","G.6.s1"
"ERC.s1","G.6.s1"
"GLO.s1","G.6.s1"
"BLK.s5","G.6.s5"
"BK.s5","G.6.s5"
"BX.s5","G.6.s5"
"AABA.s5","G.6.s5"
"STT.s5","G.6.s5"
"TROW.s5","G.6.s5"
"NTRS.s5","G.6.s5"
"AMP.s5","G.6.s5"
"BEN.s5","G.6.s5"
"SEIC.s5","G.6.s5"
"IVZ.s5","G.6.s5"
"AMG.s5","G.6.s5"
"JEF.s5","G.6.s5"
"EV.s5","G.6.s5"
"LAZ.s5","G.6.s5"
"EVR.s5","G.6.s5"
"NVG.s5","G.6.s5"
"AB.s5","G.6.s5"
"PSEC.s5","G.6.s5"
"LM.s5","G.6.s5"
"FII.s5","G.6.s5"
"NZF.s5","G.6.s5"
"CNS.s5","G.6.s5"
"WDR.s5","G.6.s5"
"EVV.s5","G.6.s5"
"WETF.s5","G.6.s5"
"AINV.s5","G.6.s5"
"ECPG.s5","G.6.s5"
"OZM.s5","G.6.s5"
"AC.s5","G.6.s5"
"NMZ.s5","G.6.s5"
"EIM.s5","G.6.s5"
"GBL.s5","G.6.s5"
"CET.s5","G.6.s5"
"IFN.s5","G.6.s5"
"PZN.s5","G.6.s5"
"NKX.s5","G.6.s5"
"CLM.s5","G.6.s5"
"DHIL.s5","G.6.s5"
"RILY.s5","G.6.s5"
"MVF.s5","G.6.s5"
"EAD.s5","G.6.s5"
"NXJ.s5","G.6.s5"
"PNNT.s5","G.6.s5"
"WHG.s5","G.6.s5"
"BKCC.s5","G.6.s5"
"CORR.s5","G.6.s5"
"FEN.s5","G.6.s5"
"ERC.s5","G.6.s5"
"GLO.s5","G.6.s5"
"BLK.s30","G.6.s30"
"BK.s30","G.6.s30"
"BX.s30","G.6.s30"
"AABA.s30","G.6.s30"
"STT.s30","G.6.s30"
"TROW.s30","G.6.s30"
"NTRS.s30","G.6.s30"
"AMP.s30","G.6.s30"
"BEN.s30","G.6.s30"
"SEIC.s30","G.6.s30"
"IVZ.s30","G.6.s30"
"AMG.s30","G.6.s30"
"JEF.s30","G.6.s30"
"EV.s30","G.6.s30"
"LAZ.s30","G.6.s30"
"EVR.s30","G.6.s30"
"NVG.s30","G.6.s30"
"AB.s30","G.6.s30"
"PSEC.s30","G.6.s30"
"LM.s30","G.6.s30"
"FII.s30","G.6.s30"
"NZF.s30","G.6.s30"
"CNS.s30","G.6.s30"
"WDR.s30","G.6.s30"
"EVV.s30","G.6.s30"
"WETF.s30","G.6.s30"
"AINV.s30","G.6.s30"
"ECPG.s30","G.6.s30"
"OZM.s30","G.6.s30"
"AC.s30","G.6.s30"
"NMZ.s30","G.6.s30"
"EIM.s30","G.6.s30"
"GBL.s30","G.6.s30"
"CET.s30","G.6.s30"
"IFN.s30","G.6.s30"
"PZN.s30","G.6.s30"
"NKX.s30","G.6.s30"
"CLM.s30","G.6.s30"
"DHIL.s30","G.6.s30"
"RILY.s30","G.6.s30"
"MVF.s30","G.6.s30"
"EAD.s30","G.6.s30"
"NXJ.s30","G.6.s30"
"PNNT.s30","G.6.s30"
"WHG.s30","G.6.s30"
"BKCC.s30","G.6.s30"
"CORR.s30","G.6.s30"
"FEN.s30","G.6.s30"
"ERC.s30","G.6.s30"
"GLO.s30","G.6.s30"
"BKNG","G.7."
"SPGI","G.7."
"MCO","G.7."
"FISV","G.7."
"WP","G.7."
"CTAS","G.7."
"GPN","G.7."
"ROL","G.7."
"ADS","G.7."
"WEX","G.7."
"G","G.7."
"EEFT","G.7."
"NSP","G.7."
"CMPR","G.7."
"MMS","G.7."
"RBA","G.7."
"SNX","G.7."
"HCSG","G.7."
"STN","G.7."
"DLX","G.7."
"HMSY","G.7."
"WNS","G.7."
"ABM","G.7."
"CVG","G.7."
"EXLS","G.7."
"PRAA","G.7."
"CATM","G.7."
"CBZ","G.7."
"LABL","G.7."
"VVI","G.7."
"TTEC","G.7."
"SCOR","G.7."
"CASS","G.7."
"TISI","G.7."
"NEWT","G.7."
"INWK","G.7."
"RRD","G.7."
"UEPS","G.7."
"REIS","G.7."
"SRT","G.7."
"PRGX","G.7."
"TPNL","G.7."
"ACTG","G.7."
"PFSW","G.7."
"CLCT","G.7."
"ARC","G.7."
"STCN","G.7."
"ITUS","G.7."
"OMEX","G.7."
"ALJJ","G.7."
"BKNG.s1","G.7.s1"
"SPGI.s1","G.7.s1"
"MCO.s1","G.7.s1"
"FISV.s1","G.7.s1"
"WP.s1","G.7.s1"
"CTAS.s1","G.7.s1"
"GPN.s1","G.7.s1"
"ROL.s1","G.7.s1"
"ADS.s1","G.7.s1"
"WEX.s1","G.7.s1"
"G.s1","G.7.s1"
"EEFT.s1","G.7.s1"
"NSP.s1","G.7.s1"
"CMPR.s1","G.7.s1"
"MMS.s1","G.7.s1"
"RBA.s1","G.7.s1"
"SNX.s1","G.7.s1"
"HCSG.s1","G.7.s1"
"STN.s1","G.7.s1"
"DLX.s1","G.7.s1"
"HMSY.s1","G.7.s1"
"WNS.s1","G.7.s1"
"ABM.s1","G.7.s1"
"CVG.s1","G.7.s1"
"EXLS.s1","G.7.s1"
"PRAA.s1","G.7.s1"
"CATM.s1","G.7.s1"
"CBZ.s1","G.7.s1"
"LABL.s1","G.7.s1"
"VVI.s1","G.7.s1"
"TTEC.s1","G.7.s1"
"SCOR.s1","G.7.s1"
"CASS.s1","G.7.s1"
"TISI.s1","G.7.s1"
"NEWT.s1","G.7.s1"
"INWK.s1","G.7.s1"
"RRD.s1","G.7.s1"
"UEPS.s1","G.7.s1"
"REIS.s1","G.7.s1"
"SRT.s1","G.7.s1"
"PRGX.s1","G.7.s1"
"TPNL.s1","G.7.s1"
"ACTG.s1","G.7.s1"
"PFSW.s1","G.7.s1"
"CLCT.s1","G.7.s1"
"ARC.s1","G.7.s1"
"STCN.s1","G.7.s1"
"ITUS.s1","G.7.s1"
"OMEX.s1","G.7.s1"
"ALJJ.s1","G.7.s1"
"BKNG.s5","G.7.s5"
"SPGI.s5","G.7.s5"
"MCO.s5","G.7.s5"
"FISV.s5","G.7.s5"
"WP.s5","G.7.s5"
"CTAS.s5","G.7.s5"
"GPN.s5","G.7.s5"
"ROL.s5","G.7.s5"
"ADS.s5","G.7.s5"
"WEX.s5","G.7.s5"
"G.s5","G.7.s5"
"EEFT.s5","G.7.s5"
"NSP.s5","G.7.s5"
"CMPR.s5","G.7.s5"
"MMS.s5","G.7.s5"
"RBA.s5","G.7.s5"
"SNX.s5","G.7.s5"
"HCSG.s5","G.7.s5"
"STN.s5","G.7.s5"
"DLX.s5","G.7.s5"
"HMSY.s5","G.7.s5"
"WNS.s5","G.7.s5"
"ABM.s5","G.7.s5"
"CVG.s5","G.7.s5"
"EXLS.s5","G.7.s5"
"PRAA.s5","G.7.s5"
"CATM.s5","G.7.s5"
"CBZ.s5","G.7.s5"
"LABL.s5","G.7.s5"
"VVI.s5","G.7.s5"
"TTEC.s5","G.7.s5"
"SCOR.s5","G.7.s5"
"CASS.s5","G.7.s5"
"TISI.s5","G.7.s5"
"NEWT.s5","G.7.s5"
"INWK.s5","G.7.s5"
"RRD.s5","G.7.s5"
"UEPS.s5","G.7.s5"
"REIS.s5","G.7.s5"
"SRT.s5","G.7.s5"
"PRGX.s5","G.7.s5"
"TPNL.s5","G.7.s5"
"ACTG.s5","G.7.s5"
"PFSW.s5","G.7.s5"
"CLCT.s5","G.7.s5"
"ARC.s5","G.7.s5"
"STCN.s5","G.7.s5"
"ITUS.s5","G.7.s5"
"OMEX.s5","G.7.s5"
"ALJJ.s5","G.7.s5"
"BKNG.s30","G.7.s30"
"SPGI.s30","G.7.s30"
"MCO.s30","G.7.s30"
"FISV.s30","G.7.s30"
"WP.s30","G.7.s30"
"CTAS.s30","G.7.s30"
"GPN.s30","G.7.s30"
"ROL.s30","G.7.s30"
"ADS.s30","G.7.s30"
"WEX.s30","G.7.s30"
"G.s30","G.7.s30"
"EEFT.s30","G.7.s30"
"NSP.s30","G.7.s30"
"CMPR.s30","G.7.s30"
"MMS.s30","G.7.s30"
"RBA.s30","G.7.s30"
"SNX.s30","G.7.s30"
"HCSG.s30","G.7.s30"
"STN.s30","G.7.s30"
"DLX.s30","G.7.s30"
"HMSY.s30","G.7.s30"
"WNS.s30","G.7.s30"
"ABM.s30","G.7.s30"
"CVG.s30","G.7.s30"
"EXLS.s30","G.7.s30"
"PRAA.s30","G.7.s30"
"CATM.s30","G.7.s30"
"CBZ.s30","G.7.s30"
"LABL.s30","G.7.s30"
"VVI.s30","G.7.s30"
"TTEC.s30","G.7.s30"
"SCOR.s30","G.7.s30"
"CASS.s30","G.7.s30"
"TISI.s30","G.7.s30"
"NEWT.s30","G.7.s30"
"INWK.s30","G.7.s30"
"RRD.s30","G.7.s30"
"UEPS.s30","G.7.s30"
"REIS.s30","G.7.s30"
"SRT.s30","G.7.s30"
"PRGX.s30","G.7.s30"
"TPNL.s30","G.7.s30"
"ACTG.s30","G.7.s30"
"PFSW.s30","G.7.s30"
"CLCT.s30","G.7.s30"
"ARC.s30","G.7.s30"
"STCN.s30","G.7.s30"
"ITUS.s30","G.7.s30"
"OMEX.s30","G.7.s30"
"ALJJ.s30","G.7.s30"
"BDX","G.8."
"ISRG","G.8."
"ILMN","G.8."
"BAX","G.8."
"RMD","G.8."
"MTD","G.8."
"WAT","G.8."
"COO","G.8."
"TFX","G.8."
"HOLX","G.8."
"VAR","G.8."
"STE","G.8."
"WST","G.8."
"XRAY","G.8."
"PODD","G.8."
"HRC","G.8."
"ICUI","G.8."
"MASI","G.8."
"HAE","G.8."
"IART","G.8."
"CMD","G.8."
"MMSI","G.8."
"STAA","G.8."
"NXTM","G.8."
"LMNX","G.8."
"ATRC","G.8."
"ATRI","G.8."
"TRXC","G.8."
"OSUR","G.8."
"ANGO","G.8."
"LMAT","G.8."
"ATRS","G.8."
"UTMD","G.8."
"CRHM","G.8."
"BLFS","G.8."
"MBOT","G.8."
"BVX","G.8."
"HBIO","G.8."
"ELGX","G.8."
"ATEC","G.8."
"LAKE","G.8."
"SSKN","G.8."
"INFU","G.8."
"CASM","G.8."
"BIOL","G.8."
"PDEX","G.8."
"ISR","G.8."
"BMRA","G.8."
"MLSS","G.8."
"RVP","G.8."
"BDX.s1","G.8.s1"
"ISRG.s1","G.8.s1"
"ILMN.s1","G.8.s1"
"BAX.s1","G.8.s1"
"RMD.s1","G.8.s1"
"MTD.s1","G.8.s1"
"WAT.s1","G.8.s1"
"COO.s1","G.8.s1"
"TFX.s1","G.8.s1"
"HOLX.s1","G.8.s1"
"VAR.s1","G.8.s1"
"STE.s1","G.8.s1"
"WST.s1","G.8.s1"
"XRAY.s1","G.8.s1"
"PODD.s1","G.8.s1"
"HRC.s1","G.8.s1"
"ICUI.s1","G.8.s1"
"MASI.s1","G.8.s1"
"HAE.s1","G.8.s1"
"IART.s1","G.8.s1"
"CMD.s1","G.8.s1"
"MMSI.s1","G.8.s1"
"STAA.s1","G.8.s1"
"NXTM.s1","G.8.s1"
"LMNX.s1","G.8.s1"
"ATRC.s1","G.8.s1"
"ATRI.s1","G.8.s1"
"TRXC.s1","G.8.s1"
"OSUR.s1","G.8.s1"
"ANGO.s1","G.8.s1"
"LMAT.s1","G.8.s1"
"ATRS.s1","G.8.s1"
"UTMD.s1","G.8.s1"
"CRHM.s1","G.8.s1"
"BLFS.s1","G.8.s1"
"MBOT.s1","G.8.s1"
"BVX.s1","G.8.s1"
"HBIO.s1","G.8.s1"
"ELGX.s1","G.8.s1"
"ATEC.s1","G.8.s1"
"LAKE.s1","G.8.s1"
"SSKN.s1","G.8.s1"
"INFU.s1","G.8.s1"
"CASM.s1","G.8.s1"
"BIOL.s1","G.8.s1"
"PDEX.s1","G.8.s1"
"ISR.s1","G.8.s1"
"BMRA.s1","G.8.s1"
"MLSS.s1","G.8.s1"
"RVP.s1","G.8.s1"
"BDX.s5","G.8.s5"
"ISRG.s5","G.8.s5"
"ILMN.s5","G.8.s5"
"BAX.s5","G.8.s5"
"RMD.s5","G.8.s5"
"MTD.s5","G.8.s5"
"WAT.s5","G.8.s5"
"COO.s5","G.8.s5"
"TFX.s5","G.8.s5"
"HOLX.s5","G.8.s5"
"VAR.s5","G.8.s5"
"STE.s5","G.8.s5"
"WST.s5","G.8.s5"
"XRAY.s5","G.8.s5"
"PODD.s5","G.8.s5"
"HRC.s5","G.8.s5"
"ICUI.s5","G.8.s5"
"MASI.s5","G.8.s5"
"HAE.s5","G.8.s5"
"IART.s5","G.8.s5"
"CMD.s5","G.8.s5"
"MMSI.s5","G.8.s5"
"STAA.s5","G.8.s5"
"NXTM.s5","G.8.s5"
"LMNX.s5","G.8.s5"
"ATRC.s5","G.8.s5"
"ATRI.s5","G.8.s5"
"TRXC.s5","G.8.s5"
"OSUR.s5","G.8.s5"
"ANGO.s5","G.8.s5"
"LMAT.s5","G.8.s5"
"ATRS.s5","G.8.s5"
"UTMD.s5","G.8.s5"
"CRHM.s5","G.8.s5"
"BLFS.s5","G.8.s5"
"MBOT.s5","G.8.s5"
"BVX.s5","G.8.s5"
"HBIO.s5","G.8.s5"
"ELGX.s5","G.8.s5"
"ATEC.s5","G.8.s5"
"LAKE.s5","G.8.s5"
"SSKN.s5","G.8.s5"
"INFU.s5","G.8.s5"
"CASM.s5","G.8.s5"
"BIOL.s5","G.8.s5"
"PDEX.s5","G.8.s5"
"ISR.s5","G.8.s5"
"BMRA.s5","G.8.s5"
"MLSS.s5","G.8.s5"
"RVP.s5","G.8.s5"
"BDX.s30","G.8.s30"
"ISRG.s30","G.8.s30"
"ILMN.s30","G.8.s30"
"BAX.s30","G.8.s30"
"RMD.s30","G.8.s30"
"MTD.s30","G.8.s30"
"WAT.s30","G.8.s30"
"COO.s30","G.8.s30"
"TFX.s30","G.8.s30"
"HOLX.s30","G.8.s30"
"VAR.s30","G.8.s30"
"STE.s30","G.8.s30"
"WST.s30","G.8.s30"
"XRAY.s30","G.8.s30"
"PODD.s30","G.8.s30"
"HRC.s30","G.8.s30"
"ICUI.s30","G.8.s30"
"MASI.s30","G.8.s30"
"HAE.s30","G.8.s30"
"IART.s30","G.8.s30"
"CMD.s30","G.8.s30"
"MMSI.s30","G.8.s30"
"STAA.s30","G.8.s30"
"NXTM.s30","G.8.s30"
"LMNX.s30","G.8.s30"
"ATRC.s30","G.8.s30"
"ATRI.s30","G.8.s30"
"TRXC.s30","G.8.s30"
"OSUR.s30","G.8.s30"
"ANGO.s30","G.8.s30"
"LMAT.s30","G.8.s30"
"ATRS.s30","G.8.s30"
"UTMD.s30","G.8.s30"
"CRHM.s30","G.8.s30"
"BLFS.s30","G.8.s30"
"MBOT.s30","G.8.s30"
"BVX.s30","G.8.s30"
"HBIO.s30","G.8.s30"
"ELGX.s30","G.8.s30"
"ATEC.s30","G.8.s30"
"LAKE.s30","G.8.s30"
"SSKN.s30","G.8.s30"
"INFU.s30","G.8.s30"
"CASM.s30","G.8.s30"
"BIOL.s30","G.8.s30"
"PDEX.s30","G.8.s30"
"ISR.s30","G.8.s30"
"BMRA.s30","G.8.s30"
"MLSS.s30","G.8.s30"
"RVP.s30","G.8.s30"
"SBNY","G.9."
"SNV","G.9."
"FCNCA","G.9."
"UBSI","G.9."
"SSB","G.9."
"UBSH","G.9."
"UCBI","G.9."
"TOWN","G.9."
"ABCB","G.9."
"WSBC","G.9."
"BANR","G.9."
"EGBN","G.9."
"WSFS","G.9."
"SBCF","G.9."
"SASR","G.9."
"SBSI","G.9."
"CHCO","G.9."
"FBNC","G.9."
"BMTC","G.9."
"GBNK","G.9."
"LION","G.9."
"OLBK","G.9."
"ANCX","G.9."
"TBBK","G.9."
"FCBC","G.9."
"FISI","G.9."
"SONA","G.9."
"CCBG","G.9."
"AMNB","G.9."
"HBMD","G.9."
"CZNC","G.9."
"NKSH","G.9."
"SMMF","G.9."
"LCNB","G.9."
"SHBI","G.9."
"SLCT","G.9."
"CFFI","G.9."
"BOCH","G.9."
"PWOD","G.9."
"TCFC","G.9."
"PEBK","G.9."
"DNBF","G.9."
"CBAN","G.9."
"OPOF","G.9."
"FUNC","G.9."
"SVBI","G.9."
"BKSC","G.9."
"BOTJ","G.9."
"CART","G.9."
"SGB","G.9."
"SBNY.s1","G.9.s1"
"SNV.s1","G.9.s1"
"FCNCA.s1","G.9.s1"
"UBSI.s1","G.9.s1"
"SSB.s1","G.9.s1"
"UBSH.s1","G.9.s1"
"UCBI.s1","G.9.s1"
"TOWN.s1","G.9.s1"
"ABCB.s1","G.9.s1"
"WSBC.s1","G.9.s1"
"BANR.s1","G.9.s1"
"EGBN.s1","G.9.s1"
"WSFS.s1","G.9.s1"
"SBCF.s1","G.9.s1"
"SASR.s1","G.9.s1"
"SBSI.s1","G.9.s1"
"CHCO.s1","G.9.s1"
"FBNC.s1","G.9.s1"
"BMTC.s1","G.9.s1"
"GBNK.s1","G.9.s1"
"LION.s1","G.9.s1"
"OLBK.s1","G.9.s1"
"ANCX.s1","G.9.s1"
"TBBK.s1","G.9.s1"
"FCBC.s1","G.9.s1"
"FISI.s1","G.9.s1"
"SONA.s1","G.9.s1"
"CCBG.s1","G.9.s1"
"AMNB.s1","G.9.s1"
"HBMD.s1","G.9.s1"
"CZNC.s1","G.9.s1"
"NKSH.s1","G.9.s1"
"SMMF.s1","G.9.s1"
"LCNB.s1","G.9.s1"
"SHBI.s1","G.9.s1"
"SLCT.s1","G.9.s1"
"CFFI.s1","G.9.s1"
"BOCH.s1","G.9.s1"
"PWOD.s1","G.9.s1"
"TCFC.s1","G.9.s1"
"PEBK.s1","G.9.s1"
"DNBF.s1","G.9.s1"
"CBAN.s1","G.9.s1"
"OPOF.s1","G.9.s1"
"FUNC.s1","G.9.s1"
"SVBI.s1","G.9.s1"
"BKSC.s1","G.9.s1"
"BOTJ.s1","G.9.s1"
"CART.s1","G.9.s1"
"SGB.s1","G.9.s1"
"SBNY.s5","G.9.s5"
"SNV.s5","G.9.s5"
"FCNCA.s5","G.9.s5"
"UBSI.s5","G.9.s5"
"SSB.s5","G.9.s5"
"UBSH.s5","G.9.s5"
"UCBI.s5","G.9.s5"
"TOWN.s5","G.9.s5"
"ABCB.s5","G.9.s5"
"WSBC.s5","G.9.s5"
"BANR.s5","G.9.s5"
"EGBN.s5","G.9.s5"
"WSFS.s5","G.9.s5"
"SBCF.s5","G.9.s5"
"SASR.s5","G.9.s5"
"SBSI.s5","G.9.s5"
"CHCO.s5","G.9.s5"
"FBNC.s5","G.9.s5"
"BMTC.s5","G.9.s5"
"GBNK.s5","G.9.s5"
"LION.s5","G.9.s5"
"OLBK.s5","G.9.s5"
"ANCX.s5","G.9.s5"
"TBBK.s5","G.9.s5"
"FCBC.s5","G.9.s5"
"FISI.s5","G.9.s5"
"SONA.s5","G.9.s5"
"CCBG.s5","G.9.s5"
"AMNB.s5","G.9.s5"
"HBMD.s5","G.9.s5"
"CZNC.s5","G.9.s5"
"NKSH.s5","G.9.s5"
"SMMF.s5","G.9.s5"
"LCNB.s5","G.9.s5"
"SHBI.s5","G.9.s5"
"SLCT.s5","G.9.s5"
"CFFI.s5","G.9.s5"
"BOCH.s5","G.9.s5"
"PWOD.s5","G.9.s5"
"TCFC.s5","G.9.s5"
"PEBK.s5","G.9.s5"
"DNBF.s5","G.9.s5"
"CBAN.s5","G.9.s5"
"OPOF.s5","G.9.s5"
"FUNC.s5","G.9.s5"
"SVBI.s5","G.9.s5"
"BKSC.s5","G.9.s5"
"BOTJ.s5","G.9.s5"
"CART.s5","G.9.s5"
"SGB.s5","G.9.s5"
"SBNY.s30","G.9.s30"
"SNV.s30","G.9.s30"
"FCNCA.s30","G.9.s30"
"UBSI.s30","G.9.s30"
"SSB.s30","G.9.s30"
"UBSH.s30","G.9.s30"
"UCBI.s30","G.9.s30"
"TOWN.s30","G.9.s30"
"ABCB.s30","G.9.s30"
"WSBC.s30","G.9.s30"
"BANR.s30","G.9.s30"
"EGBN.s30","G.9.s30"
"WSFS.s30","G.9.s30"
"SBCF.s30","G.9.s30"
"SASR.s30","G.9.s30"
"SBSI.s30","G.9.s30"
"CHCO.s30","G.9.s30"
"FBNC.s30","G.9.s30"
"BMTC.s30","G.9.s30"
"GBNK.s30","G.9.s30"
"LION.s30","G.9.s30"
"OLBK.s30","G.9.s30"
"ANCX.s30","G.9.s30"
"TBBK.s30","G.9.s30"
"FCBC.s30","G.9.s30"
"FISI.s30","G.9.s30"
"SONA.s30","G.9.s30"
"CCBG.s30","G.9.s30"
"AMNB.s30","G.9.s30"
"HBMD.s30","G.9.s30"
"CZNC.s30","G.9.s30"
"NKSH.s30","G.9.s30"
"SMMF.s30","G.9.s30"
"LCNB.s30","G.9.s30"
"SHBI.s30","G.9.s30"
"SLCT.s30","G.9.s30"
"CFFI.s30","G.9.s30"
"BOCH.s30","G.9.s30"
"PWOD.s30","G.9.s30"
"TCFC.s30","G.9.s30"
"PEBK.s30","G.9.s30"
"DNBF.s30","G.9.s30"
"CBAN.s30","G.9.s30"
"OPOF.s30","G.9.s30"
"FUNC.s30","G.9.s30"
"SVBI.s30","G.9.s30"
"BKSC.s30","G.9.s30"
"BOTJ.s30","G.9.s30"
"CART.s30","G.9.s30"
"SGB.s30","G.9.s30"
"MTB","G.10."
"WBS","G.10."
"VLY","G.10."
"FULT","G.10."
"INDB","G.10."
"NBTB","G.10."
"FCF","G.10."
"STBA","G.10."
"BNCL","G.10."
"TMP","G.10."
"BPFH","G.10."
"WASH","G.10."
"LBAI","G.10."
"TRST","G.10."
"UVSP","G.10."
"NFBK","G.10."
"CNOB","G.10."
"HBNC","G.10."
"ORIT","G.10."
"BDGE","G.10."
"CAC","G.10."
"PGC","G.10."
"FLIC","G.10."
"AROW","G.10."
"CCNE","G.10."
"BHB","G.10."
"FRBK","G.10."
"MCB","G.10."
"PFIS","G.10."
"FNLC","G.10."
"CVLY","G.10."
"MPB","G.10."
"CNBKA","G.10."
"ATLO","G.10."
"MBTF","G.10."
"NWFL","G.10."
"BCBP","G.10."
"UNB","G.10."
"PKBK","G.10."
"EVBN","G.10."
"SBBX","G.10."
"ORRF","G.10."
"NBN","G.10."
"CBFV","G.10."
"FCCY","G.10."
"TRCB","G.10."
"HWBK","G.10."
"SAL","G.10."
"CIZN","G.10."
"SSFN","G.10."
"MTB.s1","G.10.s1"
"WBS.s1","G.10.s1"
"VLY.s1","G.10.s1"
"FULT.s1","G.10.s1"
"INDB.s1","G.10.s1"
"NBTB.s1","G.10.s1"
"FCF.s1","G.10.s1"
"STBA.s1","G.10.s1"
"BNCL.s1","G.10.s1"
"TMP.s1","G.10.s1"
"BPFH.s1","G.10.s1"
"WASH.s1","G.10.s1"
"LBAI.s1","G.10.s1"
"TRST.s1","G.10.s1"
"UVSP.s1","G.10.s1"
"NFBK.s1","G.10.s1"
"CNOB.s1","G.10.s1"
"HBNC.s1","G.10.s1"
"ORIT.s1","G.10.s1"
"BDGE.s1","G.10.s1"
"CAC.s1","G.10.s1"
"PGC.s1","G.10.s1"
"FLIC.s1","G.10.s1"
"AROW.s1","G.10.s1"
"CCNE.s1","G.10.s1"
"BHB.s1","G.10.s1"
"FRBK.s1","G.10.s1"
"MCB.s1","G.10.s1"
"PFIS.s1","G.10.s1"
"FNLC.s1","G.10.s1"
"CVLY.s1","G.10.s1"
"MPB.s1","G.10.s1"
"CNBKA.s1","G.10.s1"
"ATLO.s1","G.10.s1"
"MBTF.s1","G.10.s1"
"NWFL.s1","G.10.s1"
"BCBP.s1","G.10.s1"
"UNB.s1","G.10.s1"
"PKBK.s1","G.10.s1"
"EVBN.s1","G.10.s1"
"SBBX.s1","G.10.s1"
"ORRF.s1","G.10.s1"
"NBN.s1","G.10.s1"
"CBFV.s1","G.10.s1"
"FCCY.s1","G.10.s1"
"TRCB.s1","G.10.s1"
"HWBK.s1","G.10.s1"
"SAL.s1","G.10.s1"
"CIZN.s1","G.10.s1"
"SSFN.s1","G.10.s1"
"MTB.s5","G.10.s5"
"WBS.s5","G.10.s5"
"VLY.s5","G.10.s5"
"FULT.s5","G.10.s5"
"INDB.s5","G.10.s5"
"NBTB.s5","G.10.s5"
"FCF.s5","G.10.s5"
"STBA.s5","G.10.s5"
"BNCL.s5","G.10.s5"
"TMP.s5","G.10.s5"
"BPFH.s5","G.10.s5"
"WASH.s5","G.10.s5"
"LBAI.s5","G.10.s5"
"TRST.s5","G.10.s5"
"UVSP.s5","G.10.s5"
"NFBK.s5","G.10.s5"
"CNOB.s5","G.10.s5"
"HBNC.s5","G.10.s5"
"ORIT.s5","G.10.s5"
"BDGE.s5","G.10.s5"
"CAC.s5","G.10.s5"
"PGC.s5","G.10.s5"
"FLIC.s5","G.10.s5"
"AROW.s5","G.10.s5"
"CCNE.s5","G.10.s5"
"BHB.s5","G.10.s5"
"FRBK.s5","G.10.s5"
"MCB.s5","G.10.s5"
"PFIS.s5","G.10.s5"
"FNLC.s5","G.10.s5"
"CVLY.s5","G.10.s5"
"MPB.s5","G.10.s5"
"CNBKA.s5","G.10.s5"
"ATLO.s5","G.10.s5"
"MBTF.s5","G.10.s5"
"NWFL.s5","G.10.s5"
"BCBP.s5","G.10.s5"
"UNB.s5","G.10.s5"
"PKBK.s5","G.10.s5"
"EVBN.s5","G.10.s5"
"SBBX.s5","G.10.s5"
"ORRF.s5","G.10.s5"
"NBN.s5","G.10.s5"
"CBFV.s5","G.10.s5"
"FCCY.s5","G.10.s5"
"TRCB.s5","G.10.s5"
"HWBK.s5","G.10.s5"
"SAL.s5","G.10.s5"
"CIZN.s5","G.10.s5"
"SSFN.s5","G.10.s5"
"MTB.s30","G.10.s30"
"WBS.s30","G.10.s30"
"VLY.s30","G.10.s30"
"FULT.s30","G.10.s30"
"INDB.s30","G.10.s30"
"NBTB.s30","G.10.s30"
"FCF.s30","G.10.s30"
"STBA.s30","G.10.s30"
"BNCL.s30","G.10.s30"
"TMP.s30","G.10.s30"
"BPFH.s30","G.10.s30"
"WASH.s30","G.10.s30"
"LBAI.s30","G.10.s30"
"TRST.s30","G.10.s30"
"UVSP.s30","G.10.s30"
"NFBK.s30","G.10.s30"
"CNOB.s30","G.10.s30"
"HBNC.s30","G.10.s30"
"ORIT.s30","G.10.s30"
"BDGE.s30","G.10.s30"
"CAC.s30","G.10.s30"
"PGC.s30","G.10.s30"
"FLIC.s30","G.10.s30"
"AROW.s30","G.10.s30"
"CCNE.s30","G.10.s30"
"BHB.s30","G.10.s30"
"FRBK.s30","G.10.s30"
"MCB.s30","G.10.s30"
"PFIS.s30","G.10.s30"
"FNLC.s30","G.10.s30"
"CVLY.s30","G.10.s30"
"MPB.s30","G.10.s30"
"CNBKA.s30","G.10.s30"
"ATLO.s30","G.10.s30"
"MBTF.s30","G.10.s30"
"NWFL.s30","G.10.s30"
"BCBP.s30","G.10.s30"
"UNB.s30","G.10.s30"
"PKBK.s30","G.10.s30"
"EVBN.s30","G.10.s30"
"SBBX.s30","G.10.s30"
"ORRF.s30","G.10.s30"
"NBN.s30","G.10.s30"
"CBFV.s30","G.10.s30"
"FCCY.s30","G.10.s30"
"TRCB.s30","G.10.s30"
"HWBK.s30","G.10.s30"
"SAL.s30","G.10.s30"
"CIZN.s30","G.10.s30"
"SSFN.s30","G.10.s30"
"BRK-B.INV","G.1.INV"
"BRK-A.INV","G.1.INV"
"CB.INV","G.1.INV"
"AIG.INV","G.1.INV"
"PGR.INV","G.1.INV"
"TRV.INV","G.1.INV"
"ALL.INV","G.1.INV"
"SLF.INV","G.1.INV"
"HIG.INV","G.1.INV"
"MKL.INV","G.1.INV"
"L.INV","G.1.INV"
"XL.INV","G.1.INV"
"CINF.INV","G.1.INV"
"CNA.INV","G.1.INV"
"ACGL.INV","G.1.INV"
"AFG.INV","G.1.INV"
"WRB.INV","G.1.INV"
"Y.INV","G.1.INV"
"RE.INV","G.1.INV"
"ORI.INV","G.1.INV"
"KMPR.INV","G.1.INV"
"RNR.INV","G.1.INV"
"THG.INV","G.1.INV"
"AXS.INV","G.1.INV"
"MTG.INV","G.1.INV"
"ESGR.INV","G.1.INV"
"RDN.INV","G.1.INV"
"SIGI.INV","G.1.INV"
"RLI.INV","G.1.INV"
"ANAT.INV","G.1.INV"
"MCY.INV","G.1.INV"
"WTM.INV","G.1.INV"
"AFSI.INV","G.1.INV"
"PRA.INV","G.1.INV"
"AHL.INV","G.1.INV"
"NAVG.INV","G.1.INV"
"HMN.INV","G.1.INV"
"UVE.INV","G.1.INV"
"SAFT.INV","G.1.INV"
"STFC.INV","G.1.INV"
"UFCS.INV","G.1.INV"
"AMSF.INV","G.1.INV"
"STC.INV","G.1.INV"
"MBI.INV","G.1.INV"
"UIHC.INV","G.1.INV"
"EMCI.INV","G.1.INV"
"GBLI.INV","G.1.INV"
"DGICA.INV","G.1.INV"
"FNHC.INV","G.1.INV"
"MHLD.INV","G.1.INV"
"BRK-B.s1.INV","G.1.s1.INV"
"BRK-A.s1.INV","G.1.s1.INV"
"CB.s1.INV","G.1.s1.INV"
"AIG.s1.INV","G.1.s1.INV"
"PGR.s1.INV","G.1.s1.INV"
"TRV.s1.INV","G.1.s1.INV"
"ALL.s1.INV","G.1.s1.INV"
"SLF.s1.INV","G.1.s1.INV"
"HIG.s1.INV","G.1.s1.INV"
"MKL.s1.INV","G.1.s1.INV"
"L.s1.INV","G.1.s1.INV"
"XL.s1.INV","G.1.s1.INV"
"CINF.s1.INV","G.1.s1.INV"
"CNA.s1.INV","G.1.s1.INV"
"ACGL.s1.INV","G.1.s1.INV"
"AFG.s1.INV","G.1.s1.INV"
"WRB.s1.INV","G.1.s1.INV"
"Y.s1.INV","G.1.s1.INV"
"RE.s1.INV","G.1.s1.INV"
"ORI.s1.INV","G.1.s1.INV"
"KMPR.s1.INV","G.1.s1.INV"
"RNR.s1.INV","G.1.s1.INV"
"THG.s1.INV","G.1.s1.INV"
"AXS.s1.INV","G.1.s1.INV"
"MTG.s1.INV","G.1.s1.INV"
"ESGR.s1.INV","G.1.s1.INV"
"RDN.s1.INV","G.1.s1.INV"
"SIGI.s1.INV","G.1.s1.INV"
"RLI.s1.INV","G.1.s1.INV"
"ANAT.s1.INV","G.1.s1.INV"
"MCY.s1.INV","G.1.s1.INV"
"WTM.s1.INV","G.1.s1.INV"
"AFSI.s1.INV","G.1.s1.INV"
"PRA.s1.INV","G.1.s1.INV"
"AHL.s1.INV","G.1.s1.INV"
"NAVG.s1.INV","G.1.s1.INV"
"HMN.s1.INV","G.1.s1.INV"
"UVE.s1.INV","G.1.s1.INV"
"SAFT.s1.INV","G.1.s1.INV"
"STFC.s1.INV","G.1.s1.INV"
"UFCS.s1.INV","G.1.s1.INV"
"AMSF.s1.INV","G.1.s1.INV"
"STC.s1.INV","G.1.s1.INV"
"MBI.s1.INV","G.1.s1.INV"
"UIHC.s1.INV","G.1.s1.INV"
"EMCI.s1.INV","G.1.s1.INV"
"GBLI.s1.INV","G.1.s1.INV"
"DGICA.s1.INV","G.1.s1.INV"
"FNHC.s1.INV","G.1.s1.INV"
"MHLD.s1.INV","G.1.s1.INV"
"BRK-B.s5.INV","G.1.s5.INV"
"BRK-A.s5.INV","G.1.s5.INV"
"CB.s5.INV","G.1.s5.INV"
"AIG.s5.INV","G.1.s5.INV"
"PGR.s5.INV","G.1.s5.INV"
"TRV.s5.INV","G.1.s5.INV"
"ALL.s5.INV","G.1.s5.INV"
"SLF.s5.INV","G.1.s5.INV"
"HIG.s5.INV","G.1.s5.INV"
"MKL.s5.INV","G.1.s5.INV"
"L.s5.INV","G.1.s5.INV"
"XL.s5.INV","G.1.s5.INV"
"CINF.s5.INV","G.1.s5.INV"
"CNA.s5.INV","G.1.s5.INV"
"ACGL.s5.INV","G.1.s5.INV"
"AFG.s5.INV","G.1.s5.INV"
"WRB.s5.INV","G.1.s5.INV"
"Y.s5.INV","G.1.s5.INV"
"RE.s5.INV","G.1.s5.INV"
"ORI.s5.INV","G.1.s5.INV"
"KMPR.s5.INV","G.1.s5.INV"
"RNR.s5.INV","G.1.s5.INV"
"THG.s5.INV","G.1.s5.INV"
"AXS.s5.INV","G.1.s5.INV"
"MTG.s5.INV","G.1.s5.INV"
"ESGR.s5.INV","G.1.s5.INV"
"RDN.s5.INV","G.1.s5.INV"
"SIGI.s5.INV","G.1.s5.INV"
"RLI.s5.INV","G.1.s5.INV"
"ANAT.s5.INV","G.1.s5.INV"
"MCY.s5.INV","G.1.s5.INV"
"WTM.s5.INV","G.1.s5.INV"
"AFSI.s5.INV","G.1.s5.INV"
"PRA.s5.INV","G.1.s5.INV"
"AHL.s5.INV","G.1.s5.INV"
"NAVG.s5.INV","G.1.s5.INV"
"HMN.s5.INV","G.1.s5.INV"
"UVE.s5.INV","G.1.s5.INV"
"SAFT.s5.INV","G.1.s5.INV"
"STFC.s5.INV","G.1.s5.INV"
"UFCS.s5.INV","G.1.s5.INV"
"AMSF.s5.INV","G.1.s5.INV"
"STC.s5.INV","G.1.s5.INV"
"MBI.s5.INV","G.1.s5.INV"
"UIHC.s5.INV","G.1.s5.INV"
"EMCI.s5.INV","G.1.s5.INV"
"GBLI.s5.INV","G.1.s5.INV"
"DGICA.s5.INV","G.1.s5.INV"
"FNHC.s5.INV","G.1.s5.INV"
"MHLD.s5.INV","G.1.s5.INV"
"BRK-B.s30.INV","G.1.s30.INV"
"BRK-A.s30.INV","G.1.s30.INV"
"CB.s30.INV","G.1.s30.INV"
"AIG.s30.INV","G.1.s30.INV"
"PGR.s30.INV","G.1.s30.INV"
"TRV.s30.INV","G.1.s30.INV"
"ALL.s30.INV","G.1.s30.INV"
"SLF.s30.INV","G.1.s30.INV"
"HIG.s30.INV","G.1.s30.INV"
"MKL.s30.INV","G.1.s30.INV"
"L.s30.INV","G.1.s30.INV"
"XL.s30.INV","G.1.s30.INV"
"CINF.s30.INV","G.1.s30.INV"
"CNA.s30.INV","G.1.s30.INV"
"ACGL.s30.INV","G.1.s30.INV"
"AFG.s30.INV","G.1.s30.INV"
"WRB.s30.INV","G.1.s30.INV"
"Y.s30.INV","G.1.s30.INV"
"RE.s30.INV","G.1.s30.INV"
"ORI.s30.INV","G.1.s30.INV"
"KMPR.s30.INV","G.1.s30.INV"
"RNR.s30.INV","G.1.s30.INV"
"THG.s30.INV","G.1.s30.INV"
"AXS.s30.INV","G.1.s30.INV"
"MTG.s30.INV","G.1.s30.INV"
"ESGR.s30.INV","G.1.s30.INV"
"RDN.s30.INV","G.1.s30.INV"
"SIGI.s30.INV","G.1.s30.INV"
"RLI.s30.INV","G.1.s30.INV"
"ANAT.s30.INV","G.1.s30.INV"
"MCY.s30.INV","G.1.s30.INV"
"WTM.s30.INV","G.1.s30.INV"
"AFSI.s30.INV","G.1.s30.INV"
"PRA.s30.INV","G.1.s30.INV"
"AHL.s30.INV","G.1.s30.INV"
"NAVG.s30.INV","G.1.s30.INV"
"HMN.s30.INV","G.1.s30.INV"
"UVE.s30.INV","G.1.s30.INV"
"SAFT.s30.INV","G.1.s30.INV"
"STFC.s30.INV","G.1.s30.INV"
"UFCS.s30.INV","G.1.s30.INV"
"AMSF.s30.INV","G.1.s30.INV"
"STC.s30.INV","G.1.s30.INV"
"MBI.s30.INV","G.1.s30.INV"
"UIHC.s30.INV","G.1.s30.INV"
"EMCI.s30.INV","G.1.s30.INV"
"GBLI.s30.INV","G.1.s30.INV"
"DGICA.s30.INV","G.1.s30.INV"
"FNHC.s30.INV","G.1.s30.INV"
"MHLD.s30.INV","G.1.s30.INV"
"AMGN.INV","G.2.INV"
"GILD.INV","G.2.INV"
"NVO.INV","G.2.INV"
"BIIB.INV","G.2.INV"
"CELG.INV","G.2.INV"
"SHPG.INV","G.2.INV"
"VRTX.INV","G.2.INV"
"REGN.INV","G.2.INV"
"ALXN.INV","G.2.INV"
"BMRN.INV","G.2.INV"
"INCY.INV","G.2.INV"
"SGEN.INV","G.2.INV"
"NBIX.INV","G.2.INV"
"NKTR.INV","G.2.INV"
"ALNY.INV","G.2.INV"
"JAZZ.INV","G.2.INV"
"SRPT.INV","G.2.INV"
"TECH.INV","G.2.INV"
"ALKS.INV","G.2.INV"
"IONS.INV","G.2.INV"
"LGND.INV","G.2.INV"
"UTHR.INV","G.2.INV"
"EXEL.INV","G.2.INV"
"IMMU.INV","G.2.INV"
"MDGL.INV","G.2.INV"
"OPK.INV","G.2.INV"
"EBS.INV","G.2.INV"
"ARRY.INV","G.2.INV"
"CBPO.INV","G.2.INV"
"HALO.INV","G.2.INV"
"RGEN.INV","G.2.INV"
"SPPI.INV","G.2.INV"
"FOLD.INV","G.2.INV"
"CBM.INV","G.2.INV"
"ARNA.INV","G.2.INV"
"ARWR.INV","G.2.INV"
"RUBY.INV","G.2.INV"
"ACAD.INV","G.2.INV"
"CORT.INV","G.2.INV"
"INSM.INV","G.2.INV"
"INVA.INV","G.2.INV"
"SGMO.INV","G.2.INV"
"IMGN.INV","G.2.INV"
"LXRX.INV","G.2.INV"
"GERN.INV","G.2.INV"
"VNDA.INV","G.2.INV"
"CERS.INV","G.2.INV"
"AMRN.INV","G.2.INV"
"ACOR.INV","G.2.INV"
"CO.INV","G.2.INV"
"AMGN.s1.INV","G.2.s1.INV"
"GILD.s1.INV","G.2.s1.INV"
"NVO.s1.INV","G.2.s1.INV"
"BIIB.s1.INV","G.2.s1.INV"
"CELG.s1.INV","G.2.s1.INV"
"SHPG.s1.INV","G.2.s1.INV"
"VRTX.s1.INV","G.2.s1.INV"
"REGN.s1.INV","G.2.s1.INV"
"ALXN.s1.INV","G.2.s1.INV"
"BMRN.s1.INV","G.2.s1.INV"
"INCY.s1.INV","G.2.s1.INV"
"SGEN.s1.INV","G.2.s1.INV"
"NBIX.s1.INV","G.2.s1.INV"
"NKTR.s1.INV","G.2.s1.INV"
"ALNY.s1.INV","G.2.s1.INV"
"JAZZ.s1.INV","G.2.s1.INV"
"SRPT.s1.INV","G.2.s1.INV"
"TECH.s1.INV","G.2.s1.INV"
"ALKS.s1.INV","G.2.s1.INV"
"IONS.s1.INV","G.2.s1.INV"
"LGND.s1.INV","G.2.s1.INV"
"UTHR.s1.INV","G.2.s1.INV"
"EXEL.s1.INV","G.2.s1.INV"
"IMMU.s1.INV","G.2.s1.INV"
"MDGL.s1.INV","G.2.s1.INV"
"OPK.s1.INV","G.2.s1.INV"
"EBS.s1.INV","G.2.s1.INV"
"ARRY.s1.INV","G.2.s1.INV"
"CBPO.s1.INV","G.2.s1.INV"
"HALO.s1.INV","G.2.s1.INV"
"RGEN.s1.INV","G.2.s1.INV"
"SPPI.s1.INV","G.2.s1.INV"
"FOLD.s1.INV","G.2.s1.INV"
"CBM.s1.INV","G.2.s1.INV"
"ARNA.s1.INV","G.2.s1.INV"
"ARWR.s1.INV","G.2.s1.INV"
"RUBY.s1.INV","G.2.s1.INV"
"ACAD.s1.INV","G.2.s1.INV"
"CORT.s1.INV","G.2.s1.INV"
"INSM.s1.INV","G.2.s1.INV"
"INVA.s1.INV","G.2.s1.INV"
"SGMO.s1.INV","G.2.s1.INV"
"IMGN.s1.INV","G.2.s1.INV"
"LXRX.s1.INV","G.2.s1.INV"
"GERN.s1.INV","G.2.s1.INV"
"VNDA.s1.INV","G.2.s1.INV"
"CERS.s1.INV","G.2.s1.INV"
"AMRN.s1.INV","G.2.s1.INV"
"ACOR.s1.INV","G.2.s1.INV"
"CO.s1.INV","G.2.s1.INV"
"AMGN.s5.INV","G.2.s5.INV"
"GILD.s5.INV","G.2.s5.INV"
"NVO.s5.INV","G.2.s5.INV"
"BIIB.s5.INV","G.2.s5.INV"
"CELG.s5.INV","G.2.s5.INV"
"SHPG.s5.INV","G.2.s5.INV"
"VRTX.s5.INV","G.2.s5.INV"
"REGN.s5.INV","G.2.s5.INV"
"ALXN.s5.INV","G.2.s5.INV"
"BMRN.s5.INV","G.2.s5.INV"
"INCY.s5.INV","G.2.s5.INV"
"SGEN.s5.INV","G.2.s5.INV"
"NBIX.s5.INV","G.2.s5.INV"
"NKTR.s5.INV","G.2.s5.INV"
"ALNY.s5.INV","G.2.s5.INV"
"JAZZ.s5.INV","G.2.s5.INV"
"SRPT.s5.INV","G.2.s5.INV"
"TECH.s5.INV","G.2.s5.INV"
"ALKS.s5.INV","G.2.s5.INV"
"IONS.s5.INV","G.2.s5.INV"
"LGND.s5.INV","G.2.s5.INV"
"UTHR.s5.INV","G.2.s5.INV"
"EXEL.s5.INV","G.2.s5.INV"
"IMMU.s5.INV","G.2.s5.INV"
"MDGL.s5.INV","G.2.s5.INV"
"OPK.s5.INV","G.2.s5.INV"
"EBS.s5.INV","G.2.s5.INV"
"ARRY.s5.INV","G.2.s5.INV"
"CBPO.s5.INV","G.2.s5.INV"
"HALO.s5.INV","G.2.s5.INV"
"RGEN.s5.INV","G.2.s5.INV"
"SPPI.s5.INV","G.2.s5.INV"
"FOLD.s5.INV","G.2.s5.INV"
"CBM.s5.INV","G.2.s5.INV"
"ARNA.s5.INV","G.2.s5.INV"
"ARWR.s5.INV","G.2.s5.INV"
"RUBY.s5.INV","G.2.s5.INV"
"ACAD.s5.INV","G.2.s5.INV"
"CORT.s5.INV","G.2.s5.INV"
"INSM.s5.INV","G.2.s5.INV"
"INVA.s5.INV","G.2.s5.INV"
"SGMO.s5.INV","G.2.s5.INV"
"IMGN.s5.INV","G.2.s5.INV"
"LXRX.s5.INV","G.2.s5.INV"
"GERN.s5.INV","G.2.s5.INV"
"VNDA.s5.INV","G.2.s5.INV"
"CERS.s5.INV","G.2.s5.INV"
"AMRN.s5.INV","G.2.s5.INV"
"ACOR.s5.INV","G.2.s5.INV"
"CO.s5.INV","G.2.s5.INV"
"AMGN.s30.INV","G.2.s30.INV"
"GILD.s30.INV","G.2.s30.INV"
"NVO.s30.INV","G.2.s30.INV"
"BIIB.s30.INV","G.2.s30.INV"
"CELG.s30.INV","G.2.s30.INV"
"SHPG.s30.INV","G.2.s30.INV"
"VRTX.s30.INV","G.2.s30.INV"
"REGN.s30.INV","G.2.s30.INV"
"ALXN.s30.INV","G.2.s30.INV"
"BMRN.s30.INV","G.2.s30.INV"
"INCY.s30.INV","G.2.s30.INV"
"SGEN.s30.INV","G.2.s30.INV"
"NBIX.s30.INV","G.2.s30.INV"
"NKTR.s30.INV","G.2.s30.INV"
"ALNY.s30.INV","G.2.s30.INV"
"JAZZ.s30.INV","G.2.s30.INV"
"SRPT.s30.INV","G.2.s30.INV"
"TECH.s30.INV","G.2.s30.INV"
"ALKS.s30.INV","G.2.s30.INV"
"IONS.s30.INV","G.2.s30.INV"
"LGND.s30.INV","G.2.s30.INV"
"UTHR.s30.INV","G.2.s30.INV"
"EXEL.s30.INV","G.2.s30.INV"
"IMMU.s30.INV","G.2.s30.INV"
"MDGL.s30.INV","G.2.s30.INV"
"OPK.s30.INV","G.2.s30.INV"
"EBS.s30.INV","G.2.s30.INV"
"ARRY.s30.INV","G.2.s30.INV"
"CBPO.s30.INV","G.2.s30.INV"
"HALO.s30.INV","G.2.s30.INV"
"RGEN.s30.INV","G.2.s30.INV"
"SPPI.s30.INV","G.2.s30.INV"
"FOLD.s30.INV","G.2.s30.INV"
"CBM.s30.INV","G.2.s30.INV"
"ARNA.s30.INV","G.2.s30.INV"
"ARWR.s30.INV","G.2.s30.INV"
"RUBY.s30.INV","G.2.s30.INV"
"ACAD.s30.INV","G.2.s30.INV"
"CORT.s30.INV","G.2.s30.INV"
"INSM.s30.INV","G.2.s30.INV"
"INVA.s30.INV","G.2.s30.INV"
"SGMO.s30.INV","G.2.s30.INV"
"IMGN.s30.INV","G.2.s30.INV"
"LXRX.s30.INV","G.2.s30.INV"
"GERN.s30.INV","G.2.s30.INV"
"VNDA.s30.INV","G.2.s30.INV"
"CERS.s30.INV","G.2.s30.INV"
"AMRN.s30.INV","G.2.s30.INV"
"ACOR.s30.INV","G.2.s30.INV"
"CO.s30.INV","G.2.s30.INV"
"MMM.INV","G.3.INV"
"HON.INV","G.3.INV"
"GE.INV","G.3.INV"
"DHR.INV","G.3.INV"
"ABB.INV","G.3.INV"
"ITW.INV","G.3.INV"
"ETN.INV","G.3.INV"
"ROP.INV","G.3.INV"
"IR.INV","G.3.INV"
"CMI.INV","G.3.INV"
"ROK.INV","G.3.INV"
"AME.INV","G.3.INV"
"DOV.INV","G.3.INV"
"IEX.INV","G.3.INV"
"ZBRA.INV","G.3.INV"
"LII.INV","G.3.INV"
"NDSN.INV","G.3.INV"
"GGG.INV","G.3.INV"
"DCI.INV","G.3.INV"
"MIDD.INV","G.3.INV"
"FLS.INV","G.3.INV"
"CW.INV","G.3.INV"
"CR.INV","G.3.INV"
"ITT.INV","G.3.INV"
"CFX.INV","G.3.INV"
"JBT.INV","G.3.INV"
"RBC.INV","G.3.INV"
"HI.INV","G.3.INV"
"ATU.INV","G.3.INV"
"RAVN.INV","G.3.INV"
"SPXC.INV","G.3.INV"
"AZZ.INV","G.3.INV"
"TNC.INV","G.3.INV"
"KAI.INV","G.3.INV"
"GRC.INV","G.3.INV"
"BGG.INV","G.3.INV"
"CYD.INV","G.3.INV"
"POWL.INV","G.3.INV"
"TWIN.INV","G.3.INV"
"XRM.INV","G.3.INV"
"MNTX.INV","G.3.INV"
"INS.INV","G.3.INV"
"AP.INV","G.3.INV"
"HDSN.INV","G.3.INV"
"TAYD.INV","G.3.INV"
"CVV.INV","G.3.INV"
"CTEK.INV","G.3.INV"
"BWEN.INV","G.3.INV"
"CUO.INV","G.3.INV"
"WSCI.INV","G.3.INV"
"MMM.s1.INV","G.3.s1.INV"
"HON.s1.INV","G.3.s1.INV"
"GE.s1.INV","G.3.s1.INV"
"DHR.s1.INV","G.3.s1.INV"
"ABB.s1.INV","G.3.s1.INV"
"ITW.s1.INV","G.3.s1.INV"
"ETN.s1.INV","G.3.s1.INV"
"ROP.s1.INV","G.3.s1.INV"
"IR.s1.INV","G.3.s1.INV"
"CMI.s1.INV","G.3.s1.INV"
"ROK.s1.INV","G.3.s1.INV"
"AME.s1.INV","G.3.s1.INV"
"DOV.s1.INV","G.3.s1.INV"
"IEX.s1.INV","G.3.s1.INV"
"ZBRA.s1.INV","G.3.s1.INV"
"LII.s1.INV","G.3.s1.INV"
"NDSN.s1.INV","G.3.s1.INV"
"GGG.s1.INV","G.3.s1.INV"
"DCI.s1.INV","G.3.s1.INV"
"MIDD.s1.INV","G.3.s1.INV"
"FLS.s1.INV","G.3.s1.INV"
"CW.s1.INV","G.3.s1.INV"
"CR.s1.INV","G.3.s1.INV"
"ITT.s1.INV","G.3.s1.INV"
"CFX.s1.INV","G.3.s1.INV"
"JBT.s1.INV","G.3.s1.INV"
"RBC.s1.INV","G.3.s1.INV"
"HI.s1.INV","G.3.s1.INV"
"ATU.s1.INV","G.3.s1.INV"
"RAVN.s1.INV","G.3.s1.INV"
"SPXC.s1.INV","G.3.s1.INV"
"AZZ.s1.INV","G.3.s1.INV"
"TNC.s1.INV","G.3.s1.INV"
"KAI.s1.INV","G.3.s1.INV"
"GRC.s1.INV","G.3.s1.INV"
"BGG.s1.INV","G.3.s1.INV"
"CYD.s1.INV","G.3.s1.INV"
"POWL.s1.INV","G.3.s1.INV"
"TWIN.s1.INV","G.3.s1.INV"
"XRM.s1.INV","G.3.s1.INV"
"MNTX.s1.INV","G.3.s1.INV"
"INS.s1.INV","G.3.s1.INV"
"AP.s1.INV","G.3.s1.INV"
"HDSN.s1.INV","G.3.s1.INV"
"TAYD.s1.INV","G.3.s1.INV"
"CVV.s1.INV","G.3.s1.INV"
"CTEK.s1.INV","G.3.s1.INV"
"BWEN.s1.INV","G.3.s1.INV"
"CUO.s1.INV","G.3.s1.INV"
"WSCI.s1.INV","G.3.s1.INV"
"MMM.s5.INV","G.3.s5.INV"
"HON.s5.INV","G.3.s5.INV"
"GE.s5.INV","G.3.s5.INV"
"DHR.s5.INV","G.3.s5.INV"
"ABB.s5.INV","G.3.s5.INV"
"ITW.s5.INV","G.3.s5.INV"
"ETN.s5.INV","G.3.s5.INV"
"ROP.s5.INV","G.3.s5.INV"
"IR.s5.INV","G.3.s5.INV"
"CMI.s5.INV","G.3.s5.INV"
"ROK.s5.INV","G.3.s5.INV"
"AME.s5.INV","G.3.s5.INV"
"DOV.s5.INV","G.3.s5.INV"
"IEX.s5.INV","G.3.s5.INV"
"ZBRA.s5.INV","G.3.s5.INV"
"LII.s5.INV","G.3.s5.INV"
"NDSN.s5.INV","G.3.s5.INV"
"GGG.s5.INV","G.3.s5.INV"
"DCI.s5.INV","G.3.s5.INV"
"MIDD.s5.INV","G.3.s5.INV"
"FLS.s5.INV","G.3.s5.INV"
"CW.s5.INV","G.3.s5.INV"
"CR.s5.INV","G.3.s5.INV"
"ITT.s5.INV","G.3.s5.INV"
"CFX.s5.INV","G.3.s5.INV"
"JBT.s5.INV","G.3.s5.INV"
"RBC.s5.INV","G.3.s5.INV"
"HI.s5.INV","G.3.s5.INV"
"ATU.s5.INV","G.3.s5.INV"
"RAVN.s5.INV","G.3.s5.INV"
"SPXC.s5.INV","G.3.s5.INV"
"AZZ.s5.INV","G.3.s5.INV"
"TNC.s5.INV","G.3.s5.INV"
"KAI.s5.INV","G.3.s5.INV"
"GRC.s5.INV","G.3.s5.INV"
"BGG.s5.INV","G.3.s5.INV"
"CYD.s5.INV","G.3.s5.INV"
"POWL.s5.INV","G.3.s5.INV"
"TWIN.s5.INV","G.3.s5.INV"
"XRM.s5.INV","G.3.s5.INV"
"MNTX.s5.INV","G.3.s5.INV"
"INS.s5.INV","G.3.s5.INV"
"AP.s5.INV","G.3.s5.INV"
"HDSN.s5.INV","G.3.s5.INV"
"TAYD.s5.INV","G.3.s5.INV"
"CVV.s5.INV","G.3.s5.INV"
"CTEK.s5.INV","G.3.s5.INV"
"BWEN.s5.INV","G.3.s5.INV"
"CUO.s5.INV","G.3.s5.INV"
"WSCI.s5.INV","G.3.s5.INV"
"MMM.s30.INV","G.3.s30.INV"
"HON.s30.INV","G.3.s30.INV"
"GE.s30.INV","G.3.s30.INV"
"DHR.s30.INV","G.3.s30.INV"
"ABB.s30.INV","G.3.s30.INV"
"ITW.s30.INV","G.3.s30.INV"
"ETN.s30.INV","G.3.s30.INV"
"ROP.s30.INV","G.3.s30.INV"
"IR.s30.INV","G.3.s30.INV"
"CMI.s30.INV","G.3.s30.INV"
"ROK.s30.INV","G.3.s30.INV"
"AME.s30.INV","G.3.s30.INV"
"DOV.s30.INV","G.3.s30.INV"
"IEX.s30.INV","G.3.s30.INV"
"ZBRA.s30.INV","G.3.s30.INV"
"LII.s30.INV","G.3.s30.INV"
"NDSN.s30.INV","G.3.s30.INV"
"GGG.s30.INV","G.3.s30.INV"
"DCI.s30.INV","G.3.s30.INV"
"MIDD.s30.INV","G.3.s30.INV"
"FLS.s30.INV","G.3.s30.INV"
"CW.s30.INV","G.3.s30.INV"
"CR.s30.INV","G.3.s30.INV"
"ITT.s30.INV","G.3.s30.INV"
"CFX.s30.INV","G.3.s30.INV"
"JBT.s30.INV","G.3.s30.INV"
"RBC.s30.INV","G.3.s30.INV"
"HI.s30.INV","G.3.s30.INV"
"ATU.s30.INV","G.3.s30.INV"
"RAVN.s30.INV","G.3.s30.INV"
"SPXC.s30.INV","G.3.s30.INV"
"AZZ.s30.INV","G.3.s30.INV"
"TNC.s30.INV","G.3.s30.INV"
"KAI.s30.INV","G.3.s30.INV"
"GRC.s30.INV","G.3.s30.INV"
"BGG.s30.INV","G.3.s30.INV"
"CYD.s30.INV","G.3.s30.INV"
"POWL.s30.INV","G.3.s30.INV"
"TWIN.s30.INV","G.3.s30.INV"
"XRM.s30.INV","G.3.s30.INV"
"MNTX.s30.INV","G.3.s30.INV"
"INS.s30.INV","G.3.s30.INV"
"AP.s30.INV","G.3.s30.INV"
"HDSN.s30.INV","G.3.s30.INV"
"TAYD.s30.INV","G.3.s30.INV"
"CVV.s30.INV","G.3.s30.INV"
"CTEK.s30.INV","G.3.s30.INV"
"BWEN.s30.INV","G.3.s30.INV"
"CUO.s30.INV","G.3.s30.INV"
"WSCI.s30.INV","G.3.s30.INV"
"COP.INV","G.4.INV"
"EOG.INV","G.4.INV"
"SU.INV","G.4.INV"
"EPD.INV","G.4.INV"
"OXY.INV","G.4.INV"
"CNQ.INV","G.4.INV"
"APC.INV","G.4.INV"
"PXD.INV","G.4.INV"
"CLR.INV","G.4.INV"
"DVN.INV","G.4.INV"
"HES.INV","G.4.INV"
"MRO.INV","G.4.INV"
"APA.INV","G.4.INV"
"NBL.INV","G.4.INV"
"EQT.INV","G.4.INV"
"COG.INV","G.4.INV"
"XEC.INV","G.4.INV"
"EGN.INV","G.4.INV"
"ENLK.INV","G.4.INV"
"NFX.INV","G.4.INV"
"MUR.INV","G.4.INV"
"NFG.INV","G.4.INV"
"RRC.INV","G.4.INV"
"CHK.INV","G.4.INV"
"SM.INV","G.4.INV"
"PDCE.INV","G.4.INV"
"CNX.INV","G.4.INV"
"CPG.INV","G.4.INV"
"SWN.INV","G.4.INV"
"BRY.INV","G.4.INV"
"CPE.INV","G.4.INV"
"DNR.INV","G.4.INV"
"CRZO.INV","G.4.INV"
"GPOR.INV","G.4.INV"
"GTE.INV","G.4.INV"
"EEQ.INV","G.4.INV"
"REN.INV","G.4.INV"
"BTE.INV","G.4.INV"
"ESTE.INV","G.4.INV"
"PBT.INV","G.4.INV"
"LGCY.INV","G.4.INV"
"AXAS.INV","G.4.INV"
"ISRL.INV","G.4.INV"
"EPM.INV","G.4.INV"
"PHX.INV","G.4.INV"
"TGA.INV","G.4.INV"
"SJT.INV","G.4.INV"
"LONE.INV","G.4.INV"
"AREX.INV","G.4.INV"
"MCF.INV","G.4.INV"
"COP.s1.INV","G.4.s1.INV"
"EOG.s1.INV","G.4.s1.INV"
"SU.s1.INV","G.4.s1.INV"
"EPD.s1.INV","G.4.s1.INV"
"OXY.s1.INV","G.4.s1.INV"
"CNQ.s1.INV","G.4.s1.INV"
"APC.s1.INV","G.4.s1.INV"
"PXD.s1.INV","G.4.s1.INV"
"CLR.s1.INV","G.4.s1.INV"
"DVN.s1.INV","G.4.s1.INV"
"HES.s1.INV","G.4.s1.INV"
"MRO.s1.INV","G.4.s1.INV"
"APA.s1.INV","G.4.s1.INV"
"NBL.s1.INV","G.4.s1.INV"
"EQT.s1.INV","G.4.s1.INV"
"COG.s1.INV","G.4.s1.INV"
"XEC.s1.INV","G.4.s1.INV"
"EGN.s1.INV","G.4.s1.INV"
"ENLK.s1.INV","G.4.s1.INV"
"NFX.s1.INV","G.4.s1.INV"
"MUR.s1.INV","G.4.s1.INV"
"NFG.s1.INV","G.4.s1.INV"
"RRC.s1.INV","G.4.s1.INV"
"CHK.s1.INV","G.4.s1.INV"
"SM.s1.INV","G.4.s1.INV"
"PDCE.s1.INV","G.4.s1.INV"
"CNX.s1.INV","G.4.s1.INV"
"CPG.s1.INV","G.4.s1.INV"
"SWN.s1.INV","G.4.s1.INV"
"BRY.s1.INV","G.4.s1.INV"
"CPE.s1.INV","G.4.s1.INV"
"DNR.s1.INV","G.4.s1.INV"
"CRZO.s1.INV","G.4.s1.INV"
"GPOR.s1.INV","G.4.s1.INV"
"GTE.s1.INV","G.4.s1.INV"
"EEQ.s1.INV","G.4.s1.INV"
"REN.s1.INV","G.4.s1.INV"
"BTE.s1.INV","G.4.s1.INV"
"ESTE.s1.INV","G.4.s1.INV"
"PBT.s1.INV","G.4.s1.INV"
"LGCY.s1.INV","G.4.s1.INV"
"AXAS.s1.INV","G.4.s1.INV"
"ISRL.s1.INV","G.4.s1.INV"
"EPM.s1.INV","G.4.s1.INV"
"PHX.s1.INV","G.4.s1.INV"
"TGA.s1.INV","G.4.s1.INV"
"SJT.s1.INV","G.4.s1.INV"
"LONE.s1.INV","G.4.s1.INV"
"AREX.s1.INV","G.4.s1.INV"
"MCF.s1.INV","G.4.s1.INV"
"COP.s5.INV","G.4.s5.INV"
"EOG.s5.INV","G.4.s5.INV"
"SU.s5.INV","G.4.s5.INV"
"EPD.s5.INV","G.4.s5.INV"
"OXY.s5.INV","G.4.s5.INV"
"CNQ.s5.INV","G.4.s5.INV"
"APC.s5.INV","G.4.s5.INV"
"PXD.s5.INV","G.4.s5.INV"
"CLR.s5.INV","G.4.s5.INV"
"DVN.s5.INV","G.4.s5.INV"
"HES.s5.INV","G.4.s5.INV"
"MRO.s5.INV","G.4.s5.INV"
"APA.s5.INV","G.4.s5.INV"
"NBL.s5.INV","G.4.s5.INV"
"EQT.s5.INV","G.4.s5.INV"
"COG.s5.INV","G.4.s5.INV"
"XEC.s5.INV","G.4.s5.INV"
"EGN.s5.INV","G.4.s5.INV"
"ENLK.s5.INV","G.4.s5.INV"
"NFX.s5.INV","G.4.s5.INV"
"MUR.s5.INV","G.4.s5.INV"
"NFG.s5.INV","G.4.s5.INV"
"RRC.s5.INV","G.4.s5.INV"
"CHK.s5.INV","G.4.s5.INV"
"SM.s5.INV","G.4.s5.INV"
"PDCE.s5.INV","G.4.s5.INV"
"CNX.s5.INV","G.4.s5.INV"
"CPG.s5.INV","G.4.s5.INV"
"SWN.s5.INV","G.4.s5.INV"
"BRY.s5.INV","G.4.s5.INV"
"CPE.s5.INV","G.4.s5.INV"
"DNR.s5.INV","G.4.s5.INV"
"CRZO.s5.INV","G.4.s5.INV"
"GPOR.s5.INV","G.4.s5.INV"
"GTE.s5.INV","G.4.s5.INV"
"EEQ.s5.INV","G.4.s5.INV"
"REN.s5.INV","G.4.s5.INV"
"BTE.s5.INV","G.4.s5.INV"
"ESTE.s5.INV","G.4.s5.INV"
"PBT.s5.INV","G.4.s5.INV"
"LGCY.s5.INV","G.4.s5.INV"
"AXAS.s5.INV","G.4.s5.INV"
"ISRL.s5.INV","G.4.s5.INV"
"EPM.s5.INV","G.4.s5.INV"
"PHX.s5.INV","G.4.s5.INV"
"TGA.s5.INV","G.4.s5.INV"
"SJT.s5.INV","G.4.s5.INV"
"LONE.s5.INV","G.4.s5.INV"
"AREX.s5.INV","G.4.s5.INV"
"MCF.s5.INV","G.4.s5.INV"
"COP.s30.INV","G.4.s30.INV"
"EOG.s30.INV","G.4.s30.INV"
"SU.s30.INV","G.4.s30.INV"
"EPD.s30.INV","G.4.s30.INV"
"OXY.s30.INV","G.4.s30.INV"
"CNQ.s30.INV","G.4.s30.INV"
"APC.s30.INV","G.4.s30.INV"
"PXD.s30.INV","G.4.s30.INV"
"CLR.s30.INV","G.4.s30.INV"
"DVN.s30.INV","G.4.s30.INV"
"HES.s30.INV","G.4.s30.INV"
"MRO.s30.INV","G.4.s30.INV"
"APA.s30.INV","G.4.s30.INV"
"NBL.s30.INV","G.4.s30.INV"
"EQT.s30.INV","G.4.s30.INV"
"COG.s30.INV","G.4.s30.INV"
"XEC.s30.INV","G.4.s30.INV"
"EGN.s30.INV","G.4.s30.INV"
"ENLK.s30.INV","G.4.s30.INV"
"NFX.s30.INV","G.4.s30.INV"
"MUR.s30.INV","G.4.s30.INV"
"NFG.s30.INV","G.4.s30.INV"
"RRC.s30.INV","G.4.s30.INV"
"CHK.s30.INV","G.4.s30.INV"
"SM.s30.INV","G.4.s30.INV"
"PDCE.s30.INV","G.4.s30.INV"
"CNX.s30.INV","G.4.s30.INV"
"CPG.s30.INV","G.4.s30.INV"
"SWN.s30.INV","G.4.s30.INV"
"BRY.s30.INV","G.4.s30.INV"
"CPE.s30.INV","G.4.s30.INV"
"DNR.s30.INV","G.4.s30.INV"
"CRZO.s30.INV","G.4.s30.INV"
"GPOR.s30.INV","G.4.s30.INV"
"GTE.s30.INV","G.4.s30.INV"
"EEQ.s30.INV","G.4.s30.INV"
"REN.s30.INV","G.4.s30.INV"
"BTE.s30.INV","G.4.s30.INV"
"ESTE.s30.INV","G.4.s30.INV"
"PBT.s30.INV","G.4.s30.INV"
"LGCY.s30.INV","G.4.s30.INV"
"AXAS.s30.INV","G.4.s30.INV"
"ISRL.s30.INV","G.4.s30.INV"
"EPM.s30.INV","G.4.s30.INV"
"PHX.s30.INV","G.4.s30.INV"
"TGA.s30.INV","G.4.s30.INV"
"SJT.s30.INV","G.4.s30.INV"
"LONE.s30.INV","G.4.s30.INV"
"AREX.s30.INV","G.4.s30.INV"
"MCF.s30.INV","G.4.s30.INV"
"CSCO.INV","G.5.INV"
"QCOM.INV","G.5.INV"
"NOK.INV","G.5.INV"
"ERIC.INV","G.5.INV"
"MSI.INV","G.5.INV"
"HRS.INV","G.5.INV"
"JNPR.INV","G.5.INV"
"ARRS.INV","G.5.INV"
"SATS.INV","G.5.INV"
"CIEN.INV","G.5.INV"
"VSAT.INV","G.5.INV"
"PLT.INV","G.5.INV"
"VIAV.INV","G.5.INV"
"FNSR.INV","G.5.INV"
"NTGR.INV","G.5.INV"
"RDWR.INV","G.5.INV"
"INFN.INV","G.5.INV"
"IIJI.INV","G.5.INV"
"SMCI.INV","G.5.INV"
"LORL.INV","G.5.INV"
"CMTL.INV","G.5.INV"
"CAMP.INV","G.5.INV"
"ITRN.INV","G.5.INV"
"ADTN.INV","G.5.INV"
"SWIR.INV","G.5.INV"
"EXTR.INV","G.5.INV"
"GILT.INV","G.5.INV"
"HLIT.INV","G.5.INV"
"DGII.INV","G.5.INV"
"SILC.INV","G.5.INV"
"AUDC.INV","G.5.INV"
"INSG.INV","G.5.INV"
"CRNT.INV","G.5.INV"
"EXFO.INV","G.5.INV"
"KVHI.INV","G.5.INV"
"ALLT.INV","G.5.INV"
"CLFD.INV","G.5.INV"
"ITI.INV","G.5.INV"
"DZSI.INV","G.5.INV"
"TESS.INV","G.5.INV"
"IDSY.INV","G.5.INV"
"LTRX.INV","G.5.INV"
"PNTR.INV","G.5.INV"
"AVNW.INV","G.5.INV"
"FTNW.INV","G.5.INV"
"PCTI.INV","G.5.INV"
"FEIM.INV","G.5.INV"
"WSTL.INV","G.5.INV"
"ELON.INV","G.5.INV"
"WTT.INV","G.5.INV"
"CSCO.s1.INV","G.5.s1.INV"
"QCOM.s1.INV","G.5.s1.INV"
"NOK.s1.INV","G.5.s1.INV"
"ERIC.s1.INV","G.5.s1.INV"
"MSI.s1.INV","G.5.s1.INV"
"HRS.s1.INV","G.5.s1.INV"
"JNPR.s1.INV","G.5.s1.INV"
"ARRS.s1.INV","G.5.s1.INV"
"SATS.s1.INV","G.5.s1.INV"
"CIEN.s1.INV","G.5.s1.INV"
"VSAT.s1.INV","G.5.s1.INV"
"PLT.s1.INV","G.5.s1.INV"
"VIAV.s1.INV","G.5.s1.INV"
"FNSR.s1.INV","G.5.s1.INV"
"NTGR.s1.INV","G.5.s1.INV"
"RDWR.s1.INV","G.5.s1.INV"
"INFN.s1.INV","G.5.s1.INV"
"IIJI.s1.INV","G.5.s1.INV"
"SMCI.s1.INV","G.5.s1.INV"
"LORL.s1.INV","G.5.s1.INV"
"CMTL.s1.INV","G.5.s1.INV"
"CAMP.s1.INV","G.5.s1.INV"
"ITRN.s1.INV","G.5.s1.INV"
"ADTN.s1.INV","G.5.s1.INV"
"SWIR.s1.INV","G.5.s1.INV"
"EXTR.s1.INV","G.5.s1.INV"
"GILT.s1.INV","G.5.s1.INV"
"HLIT.s1.INV","G.5.s1.INV"
"DGII.s1.INV","G.5.s1.INV"
"SILC.s1.INV","G.5.s1.INV"
"AUDC.s1.INV","G.5.s1.INV"
"INSG.s1.INV","G.5.s1.INV"
"CRNT.s1.INV","G.5.s1.INV"
"EXFO.s1.INV","G.5.s1.INV"
"KVHI.s1.INV","G.5.s1.INV"
"ALLT.s1.INV","G.5.s1.INV"
"CLFD.s1.INV","G.5.s1.INV"
"ITI.s1.INV","G.5.s1.INV"
"DZSI.s1.INV","G.5.s1.INV"
"TESS.s1.INV","G.5.s1.INV"
"IDSY.s1.INV","G.5.s1.INV"
"LTRX.s1.INV","G.5.s1.INV"
"PNTR.s1.INV","G.5.s1.INV"
"AVNW.s1.INV","G.5.s1.INV"
"FTNW.s1.INV","G.5.s1.INV"
"PCTI.s1.INV","G.5.s1.INV"
"FEIM.s1.INV","G.5.s1.INV"
"WSTL.s1.INV","G.5.s1.INV"
"ELON.s1.INV","G.5.s1.INV"
"WTT.s1.INV","G.5.s1.INV"
"CSCO.s5.INV","G.5.s5.INV"
"QCOM.s5.INV","G.5.s5.INV"
"NOK.s5.INV","G.5.s5.INV"
"ERIC.s5.INV","G.5.s5.INV"
"MSI.s5.INV","G.5.s5.INV"
"HRS.s5.INV","G.5.s5.INV"
"JNPR.s5.INV","G.5.s5.INV"
"ARRS.s5.INV","G.5.s5.INV"
"SATS.s5.INV","G.5.s5.INV"
"CIEN.s5.INV","G.5.s5.INV"
"VSAT.s5.INV","G.5.s5.INV"
"PLT.s5.INV","G.5.s5.INV"
"VIAV.s5.INV","G.5.s5.INV"
"FNSR.s5.INV","G.5.s5.INV"
"NTGR.s5.INV","G.5.s5.INV"
"RDWR.s5.INV","G.5.s5.INV"
"INFN.s5.INV","G.5.s5.INV"
"IIJI.s5.INV","G.5.s5.INV"
"SMCI.s5.INV","G.5.s5.INV"
"LORL.s5.INV","G.5.s5.INV"
"CMTL.s5.INV","G.5.s5.INV"
"CAMP.s5.INV","G.5.s5.INV"
"ITRN.s5.INV","G.5.s5.INV"
"ADTN.s5.INV","G.5.s5.INV"
"SWIR.s5.INV","G.5.s5.INV"
"EXTR.s5.INV","G.5.s5.INV"
"GILT.s5.INV","G.5.s5.INV"
"HLIT.s5.INV","G.5.s5.INV"
"DGII.s5.INV","G.5.s5.INV"
"SILC.s5.INV","G.5.s5.INV"
"AUDC.s5.INV","G.5.s5.INV"
"INSG.s5.INV","G.5.s5.INV"
"CRNT.s5.INV","G.5.s5.INV"
"EXFO.s5.INV","G.5.s5.INV"
"KVHI.s5.INV","G.5.s5.INV"
"ALLT.s5.INV","G.5.s5.INV"
"CLFD.s5.INV","G.5.s5.INV"
"ITI.s5.INV","G.5.s5.INV"
"DZSI.s5.INV","G.5.s5.INV"
"TESS.s5.INV","G.5.s5.INV"
"IDSY.s5.INV","G.5.s5.INV"
"LTRX.s5.INV","G.5.s5.INV"
"PNTR.s5.INV","G.5.s5.INV"
"AVNW.s5.INV","G.5.s5.INV"
"FTNW.s5.INV","G.5.s5.INV"
"PCTI.s5.INV","G.5.s5.INV"
"FEIM.s5.INV","G.5.s5.INV"
"WSTL.s5.INV","G.5.s5.INV"
"ELON.s5.INV","G.5.s5.INV"
"WTT.s5.INV","G.5.s5.INV"
"CSCO.s30.INV","G.5.s30.INV"
"QCOM.s30.INV","G.5.s30.INV"
"NOK.s30.INV","G.5.s30.INV"
"ERIC.s30.INV","G.5.s30.INV"
"MSI.s30.INV","G.5.s30.INV"
"HRS.s30.INV","G.5.s30.INV"
"JNPR.s30.INV","G.5.s30.INV"
"ARRS.s30.INV","G.5.s30.INV"
"SATS.s30.INV","G.5.s30.INV"
"CIEN.s30.INV","G.5.s30.INV"
"VSAT.s30.INV","G.5.s30.INV"
"PLT.s30.INV","G.5.s30.INV"
"VIAV.s30.INV","G.5.s30.INV"
"FNSR.s30.INV","G.5.s30.INV"
"NTGR.s30.INV","G.5.s30.INV"
"RDWR.s30.INV","G.5.s30.INV"
"INFN.s30.INV","G.5.s30.INV"
"IIJI.s30.INV","G.5.s30.INV"
"SMCI.s30.INV","G.5.s30.INV"
"LORL.s30.INV","G.5.s30.INV"
"CMTL.s30.INV","G.5.s30.INV"
"CAMP.s30.INV","G.5.s30.INV"
"ITRN.s30.INV","G.5.s30.INV"
"ADTN.s30.INV","G.5.s30.INV"
"SWIR.s30.INV","G.5.s30.INV"
"EXTR.s30.INV","G.5.s30.INV"
"GILT.s30.INV","G.5.s30.INV"
"HLIT.s30.INV","G.5.s30.INV"
"DGII.s30.INV","G.5.s30.INV"
"SILC.s30.INV","G.5.s30.INV"
"AUDC.s30.INV","G.5.s30.INV"
"INSG.s30.INV","G.5.s30.INV"
"CRNT.s30.INV","G.5.s30.INV"
"EXFO.s30.INV","G.5.s30.INV"
"KVHI.s30.INV","G.5.s30.INV"
"ALLT.s30.INV","G.5.s30.INV"
"CLFD.s30.INV","G.5.s30.INV"
"ITI.s30.INV","G.5.s30.INV"
"DZSI.s30.INV","G.5.s30.INV"
"TESS.s30.INV","G.5.s30.INV"
"IDSY.s30.INV","G.5.s30.INV"
"LTRX.s30.INV","G.5.s30.INV"
"PNTR.s30.INV","G.5.s30.INV"
"AVNW.s30.INV","G.5.s30.INV"
"FTNW.s30.INV","G.5.s30.INV"
"PCTI.s30.INV","G.5.s30.INV"
"FEIM.s30.INV","G.5.s30.INV"
"WSTL.s30.INV","G.5.s30.INV"
"ELON.s30.INV","G.5.s30.INV"
"WTT.s30.INV","G.5.s30.INV"
"BLK.INV","G.6.INV"
"BK.INV","G.6.INV"
"BX.INV","G.6.INV"
"AABA.INV","G.6.INV"
"STT.INV","G.6.INV"
"TROW.INV","G.6.INV"
"NTRS.INV","G.6.INV"
"AMP.INV","G.6.INV"
"BEN.INV","G.6.INV"
"SEIC.INV","G.6.INV"
"IVZ.INV","G.6.INV"
"AMG.INV","G.6.INV"
"JEF.INV","G.6.INV"
"EV.INV","G.6.INV"
"LAZ.INV","G.6.INV"
"EVR.INV","G.6.INV"
"NVG.INV","G.6.INV"
"AB.INV","G.6.INV"
"PSEC.INV","G.6.INV"
"LM.INV","G.6.INV"
"FII.INV","G.6.INV"
"NZF.INV","G.6.INV"
"CNS.INV","G.6.INV"
"WDR.INV","G.6.INV"
"EVV.INV","G.6.INV"
"WETF.INV","G.6.INV"
"AINV.INV","G.6.INV"
"ECPG.INV","G.6.INV"
"OZM.INV","G.6.INV"
"AC.INV","G.6.INV"
"NMZ.INV","G.6.INV"
"EIM.INV","G.6.INV"
"GBL.INV","G.6.INV"
"CET.INV","G.6.INV"
"IFN.INV","G.6.INV"
"PZN.INV","G.6.INV"
"NKX.INV","G.6.INV"
"CLM.INV","G.6.INV"
"DHIL.INV","G.6.INV"
"RILY.INV","G.6.INV"
"MVF.INV","G.6.INV"
"EAD.INV","G.6.INV"
"NXJ.INV","G.6.INV"
"PNNT.INV","G.6.INV"
"WHG.INV","G.6.INV"
"BKCC.INV","G.6.INV"
"CORR.INV","G.6.INV"
"FEN.INV","G.6.INV"
"ERC.INV","G.6.INV"
"GLO.INV","G.6.INV"
"BLK.s1.INV","G.6.s1.INV"
"BK.s1.INV","G.6.s1.INV"
"BX.s1.INV","G.6.s1.INV"
"AABA.s1.INV","G.6.s1.INV"
"STT.s1.INV","G.6.s1.INV"
"TROW.s1.INV","G.6.s1.INV"
"NTRS.s1.INV","G.6.s1.INV"
"AMP.s1.INV","G.6.s1.INV"
"BEN.s1.INV","G.6.s1.INV"
"SEIC.s1.INV","G.6.s1.INV"
"IVZ.s1.INV","G.6.s1.INV"
"AMG.s1.INV","G.6.s1.INV"
"JEF.s1.INV","G.6.s1.INV"
"EV.s1.INV","G.6.s1.INV"
"LAZ.s1.INV","G.6.s1.INV"
"EVR.s1.INV","G.6.s1.INV"
"NVG.s1.INV","G.6.s1.INV"
"AB.s1.INV","G.6.s1.INV"
"PSEC.s1.INV","G.6.s1.INV"
"LM.s1.INV","G.6.s1.INV"
"FII.s1.INV","G.6.s1.INV"
"NZF.s1.INV","G.6.s1.INV"
"CNS.s1.INV","G.6.s1.INV"
"WDR.s1.INV","G.6.s1.INV"
"EVV.s1.INV","G.6.s1.INV"
"WETF.s1.INV","G.6.s1.INV"
"AINV.s1.INV","G.6.s1.INV"
"ECPG.s1.INV","G.6.s1.INV"
"OZM.s1.INV","G.6.s1.INV"
"AC.s1.INV","G.6.s1.INV"
"NMZ.s1.INV","G.6.s1.INV"
"EIM.s1.INV","G.6.s1.INV"
"GBL.s1.INV","G.6.s1.INV"
"CET.s1.INV","G.6.s1.INV"
"IFN.s1.INV","G.6.s1.INV"
"PZN.s1.INV","G.6.s1.INV"
"NKX.s1.INV","G.6.s1.INV"
"CLM.s1.INV","G.6.s1.INV"
"DHIL.s1.INV","G.6.s1.INV"
"RILY.s1.INV","G.6.s1.INV"
"MVF.s1.INV","G.6.s1.INV"
"EAD.s1.INV","G.6.s1.INV"
"NXJ.s1.INV","G.6.s1.INV"
"PNNT.s1.INV","G.6.s1.INV"
"WHG.s1.INV","G.6.s1.INV"
"BKCC.s1.INV","G.6.s1.INV"
"CORR.s1.INV","G.6.s1.INV"
"FEN.s1.INV","G.6.s1.INV"
"ERC.s1.INV","G.6.s1.INV"
"GLO.s1.INV","G.6.s1.INV"
"BLK.s5.INV","G.6.s5.INV"
"BK.s5.INV","G.6.s5.INV"
"BX.s5.INV","G.6.s5.INV"
"AABA.s5.INV","G.6.s5.INV"
"STT.s5.INV","G.6.s5.INV"
"TROW.s5.INV","G.6.s5.INV"
"NTRS.s5.INV","G.6.s5.INV"
"AMP.s5.INV","G.6.s5.INV"
"BEN.s5.INV","G.6.s5.INV"
"SEIC.s5.INV","G.6.s5.INV"
"IVZ.s5.INV","G.6.s5.INV"
"AMG.s5.INV","G.6.s5.INV"
"JEF.s5.INV","G.6.s5.INV"
"EV.s5.INV","G.6.s5.INV"
"LAZ.s5.INV","G.6.s5.INV"
"EVR.s5.INV","G.6.s5.INV"
"NVG.s5.INV","G.6.s5.INV"
"AB.s5.INV","G.6.s5.INV"
"PSEC.s5.INV","G.6.s5.INV"
"LM.s5.INV","G.6.s5.INV"
"FII.s5.INV","G.6.s5.INV"
"NZF.s5.INV","G.6.s5.INV"
"CNS.s5.INV","G.6.s5.INV"
"WDR.s5.INV","G.6.s5.INV"
"EVV.s5.INV","G.6.s5.INV"
"WETF.s5.INV","G.6.s5.INV"
"AINV.s5.INV","G.6.s5.INV"
"ECPG.s5.INV","G.6.s5.INV"
"OZM.s5.INV","G.6.s5.INV"
"AC.s5.INV","G.6.s5.INV"
"NMZ.s5.INV","G.6.s5.INV"
"EIM.s5.INV","G.6.s5.INV"
"GBL.s5.INV","G.6.s5.INV"
"CET.s5.INV","G.6.s5.INV"
"IFN.s5.INV","G.6.s5.INV"
"PZN.s5.INV","G.6.s5.INV"
"NKX.s5.INV","G.6.s5.INV"
"CLM.s5.INV","G.6.s5.INV"
"DHIL.s5.INV","G.6.s5.INV"
"RILY.s5.INV","G.6.s5.INV"
"MVF.s5.INV","G.6.s5.INV"
"EAD.s5.INV","G.6.s5.INV"
"NXJ.s5.INV","G.6.s5.INV"
"PNNT.s5.INV","G.6.s5.INV"
"WHG.s5.INV","G.6.s5.INV"
"BKCC.s5.INV","G.6.s5.INV"
"CORR.s5.INV","G.6.s5.INV"
"FEN.s5.INV","G.6.s5.INV"
"ERC.s5.INV","G.6.s5.INV"
"GLO.s5.INV","G.6.s5.INV"
"BLK.s30.INV","G.6.s30.INV"
"BK.s30.INV","G.6.s30.INV"
"BX.s30.INV","G.6.s30.INV"
"AABA.s30.INV","G.6.s30.INV"
"STT.s30.INV","G.6.s30.INV"
"TROW.s30.INV","G.6.s30.INV"
"NTRS.s30.INV","G.6.s30.INV"
"AMP.s30.INV","G.6.s30.INV"
"BEN.s30.INV","G.6.s30.INV"
"SEIC.s30.INV","G.6.s30.INV"
"IVZ.s30.INV","G.6.s30.INV"
"AMG.s30.INV","G.6.s30.INV"
"JEF.s30.INV","G.6.s30.INV"
"EV.s30.INV","G.6.s30.INV"
"LAZ.s30.INV","G.6.s30.INV"
"EVR.s30.INV","G.6.s30.INV"
"NVG.s30.INV","G.6.s30.INV"
"AB.s30.INV","G.6.s30.INV"
"PSEC.s30.INV","G.6.s30.INV"
"LM.s30.INV","G.6.s30.INV"
"FII.s30.INV","G.6.s30.INV"
"NZF.s30.INV","G.6.s30.INV"
"CNS.s30.INV","G.6.s30.INV"
"WDR.s30.INV","G.6.s30.INV"
"EVV.s30.INV","G.6.s30.INV"
"WETF.s30.INV","G.6.s30.INV"
"AINV.s30.INV","G.6.s30.INV"
"ECPG.s30.INV","G.6.s30.INV"
"OZM.s30.INV","G.6.s30.INV"
"AC.s30.INV","G.6.s30.INV"
"NMZ.s30.INV","G.6.s30.INV"
"EIM.s30.INV","G.6.s30.INV"
"GBL.s30.INV","G.6.s30.INV"
"CET.s30.INV","G.6.s30.INV"
"IFN.s30.INV","G.6.s30.INV"
"PZN.s30.INV","G.6.s30.INV"
"NKX.s30.INV","G.6.s30.INV"
"CLM.s30.INV","G.6.s30.INV"
"DHIL.s30.INV","G.6.s30.INV"
"RILY.s30.INV","G.6.s30.INV"
"MVF.s30.INV","G.6.s30.INV"
"EAD.s30.INV","G.6.s30.INV"
"NXJ.s30.INV","G.6.s30.INV"
"PNNT.s30.INV","G.6.s30.INV"
"WHG.s30.INV","G.6.s30.INV"
"BKCC.s30.INV","G.6.s30.INV"
"CORR.s30.INV","G.6.s30.INV"
"FEN.s30.INV","G.6.s30.INV"
"ERC.s30.INV","G.6.s30.INV"
"GLO.s30.INV","G.6.s30.INV"
"BKNG.INV","G.7.INV"
"SPGI.INV","G.7.INV"
"MCO.INV","G.7.INV"
"FISV.INV","G.7.INV"
"WP.INV","G.7.INV"
"CTAS.INV","G.7.INV"
"GPN.INV","G.7.INV"
"ROL.INV","G.7.INV"
"ADS.INV","G.7.INV"
"WEX.INV","G.7.INV"
"G.INV","G.7.INV"
"EEFT.INV","G.7.INV"
"NSP.INV","G.7.INV"
"CMPR.INV","G.7.INV"
"MMS.INV","G.7.INV"
"RBA.INV","G.7.INV"
"SNX.INV","G.7.INV"
"HCSG.INV","G.7.INV"
"STN.INV","G.7.INV"
"DLX.INV","G.7.INV"
"HMSY.INV","G.7.INV"
"WNS.INV","G.7.INV"
"ABM.INV","G.7.INV"
"CVG.INV","G.7.INV"
"EXLS.INV","G.7.INV"
"PRAA.INV","G.7.INV"
"CATM.INV","G.7.INV"
"CBZ.INV","G.7.INV"
"LABL.INV","G.7.INV"
"VVI.INV","G.7.INV"
"TTEC.INV","G.7.INV"
"SCOR.INV","G.7.INV"
"CASS.INV","G.7.INV"
"TISI.INV","G.7.INV"
"NEWT.INV","G.7.INV"
"INWK.INV","G.7.INV"
"RRD.INV","G.7.INV"
"UEPS.INV","G.7.INV"
"REIS.INV","G.7.INV"
"SRT.INV","G.7.INV"
"PRGX.INV","G.7.INV"
"TPNL.INV","G.7.INV"
"ACTG.INV","G.7.INV"
"PFSW.INV","G.7.INV"
"CLCT.INV","G.7.INV"
"ARC.INV","G.7.INV"
"STCN.INV","G.7.INV"
"ITUS.INV","G.7.INV"
"OMEX.INV","G.7.INV"
"ALJJ.INV","G.7.INV"
"BKNG.s1.INV","G.7.s1.INV"
"SPGI.s1.INV","G.7.s1.INV"
"MCO.s1.INV","G.7.s1.INV"
"FISV.s1.INV","G.7.s1.INV"
"WP.s1.INV","G.7.s1.INV"
"CTAS.s1.INV","G.7.s1.INV"
"GPN.s1.INV","G.7.s1.INV"
"ROL.s1.INV","G.7.s1.INV"
"ADS.s1.INV","G.7.s1.INV"
"WEX.s1.INV","G.7.s1.INV"
"G.s1.INV","G.7.s1.INV"
"EEFT.s1.INV","G.7.s1.INV"
"NSP.s1.INV","G.7.s1.INV"
"CMPR.s1.INV","G.7.s1.INV"
"MMS.s1.INV","G.7.s1.INV"
"RBA.s1.INV","G.7.s1.INV"
"SNX.s1.INV","G.7.s1.INV"
"HCSG.s1.INV","G.7.s1.INV"
"STN.s1.INV","G.7.s1.INV"
"DLX.s1.INV","G.7.s1.INV"
"HMSY.s1.INV","G.7.s1.INV"
"WNS.s1.INV","G.7.s1.INV"
"ABM.s1.INV","G.7.s1.INV"
"CVG.s1.INV","G.7.s1.INV"
"EXLS.s1.INV","G.7.s1.INV"
"PRAA.s1.INV","G.7.s1.INV"
"CATM.s1.INV","G.7.s1.INV"
"CBZ.s1.INV","G.7.s1.INV"
"LABL.s1.INV","G.7.s1.INV"
"VVI.s1.INV","G.7.s1.INV"
"TTEC.s1.INV","G.7.s1.INV"
"SCOR.s1.INV","G.7.s1.INV"
"CASS.s1.INV","G.7.s1.INV"
"TISI.s1.INV","G.7.s1.INV"
"NEWT.s1.INV","G.7.s1.INV"
"INWK.s1.INV","G.7.s1.INV"
"RRD.s1.INV","G.7.s1.INV"
"UEPS.s1.INV","G.7.s1.INV"
"REIS.s1.INV","G.7.s1.INV"
"SRT.s1.INV","G.7.s1.INV"
"PRGX.s1.INV","G.7.s1.INV"
"TPNL.s1.INV","G.7.s1.INV"
"ACTG.s1.INV","G.7.s1.INV"
"PFSW.s1.INV","G.7.s1.INV"
"CLCT.s1.INV","G.7.s1.INV"
"ARC.s1.INV","G.7.s1.INV"
"STCN.s1.INV","G.7.s1.INV"
"ITUS.s1.INV","G.7.s1.INV"
"OMEX.s1.INV","G.7.s1.INV"
"ALJJ.s1.INV","G.7.s1.INV"
"BKNG.s5.INV","G.7.s5.INV"
"SPGI.s5.INV","G.7.s5.INV"
"MCO.s5.INV","G.7.s5.INV"
"FISV.s5.INV","G.7.s5.INV"
"WP.s5.INV","G.7.s5.INV"
"CTAS.s5.INV","G.7.s5.INV"
"GPN.s5.INV","G.7.s5.INV"
"ROL.s5.INV","G.7.s5.INV"
"ADS.s5.INV","G.7.s5.INV"
"WEX.s5.INV","G.7.s5.INV"
"G.s5.INV","G.7.s5.INV"
"EEFT.s5.INV","G.7.s5.INV"
"NSP.s5.INV","G.7.s5.INV"
"CMPR.s5.INV","G.7.s5.INV"
"MMS.s5.INV","G.7.s5.INV"
"RBA.s5.INV","G.7.s5.INV"
"SNX.s5.INV","G.7.s5.INV"
"HCSG.s5.INV","G.7.s5.INV"
"STN.s5.INV","G.7.s5.INV"
"DLX.s5.INV","G.7.s5.INV"
"HMSY.s5.INV","G.7.s5.INV"
"WNS.s5.INV","G.7.s5.INV"
"ABM.s5.INV","G.7.s5.INV"
"CVG.s5.INV","G.7.s5.INV"
"EXLS.s5.INV","G.7.s5.INV"
"PRAA.s5.INV","G.7.s5.INV"
"CATM.s5.INV","G.7.s5.INV"
"CBZ.s5.INV","G.7.s5.INV"
"LABL.s5.INV","G.7.s5.INV"
"VVI.s5.INV","G.7.s5.INV"
"TTEC.s5.INV","G.7.s5.INV"
"SCOR.s5.INV","G.7.s5.INV"
"CASS.s5.INV","G.7.s5.INV"
"TISI.s5.INV","G.7.s5.INV"
"NEWT.s5.INV","G.7.s5.INV"
"INWK.s5.INV","G.7.s5.INV"
"RRD.s5.INV","G.7.s5.INV"
"UEPS.s5.INV","G.7.s5.INV"
"REIS.s5.INV","G.7.s5.INV"
"SRT.s5.INV","G.7.s5.INV"
"PRGX.s5.INV","G.7.s5.INV"
"TPNL.s5.INV","G.7.s5.INV"
"ACTG.s5.INV","G.7.s5.INV"
"PFSW.s5.INV","G.7.s5.INV"
"CLCT.s5.INV","G.7.s5.INV"
"ARC.s5.INV","G.7.s5.INV"
"STCN.s5.INV","G.7.s5.INV"
"ITUS.s5.INV","G.7.s5.INV"
"OMEX.s5.INV","G.7.s5.INV"
"ALJJ.s5.INV","G.7.s5.INV"
"BKNG.s30.INV","G.7.s30.INV"
"SPGI.s30.INV","G.7.s30.INV"
"MCO.s30.INV","G.7.s30.INV"
"FISV.s30.INV","G.7.s30.INV"
"WP.s30.INV","G.7.s30.INV"
"CTAS.s30.INV","G.7.s30.INV"
"GPN.s30.INV","G.7.s30.INV"
"ROL.s30.INV","G.7.s30.INV"
"ADS.s30.INV","G.7.s30.INV"
"WEX.s30.INV","G.7.s30.INV"
"G.s30.INV","G.7.s30.INV"
"EEFT.s30.INV","G.7.s30.INV"
"NSP.s30.INV","G.7.s30.INV"
"CMPR.s30.INV","G.7.s30.INV"
"MMS.s30.INV","G.7.s30.INV"
"RBA.s30.INV","G.7.s30.INV"
"SNX.s30.INV","G.7.s30.INV"
"HCSG.s30.INV","G.7.s30.INV"
"STN.s30.INV","G.7.s30.INV"
"DLX.s30.INV","G.7.s30.INV"
"HMSY.s30.INV","G.7.s30.INV"
"WNS.s30.INV","G.7.s30.INV"
"ABM.s30.INV","G.7.s30.INV"
"CVG.s30.INV","G.7.s30.INV"
"EXLS.s30.INV","G.7.s30.INV"
"PRAA.s30.INV","G.7.s30.INV"
"CATM.s30.INV","G.7.s30.INV"
"CBZ.s30.INV","G.7.s30.INV"
"LABL.s30.INV","G.7.s30.INV"
"VVI.s30.INV","G.7.s30.INV"
"TTEC.s30.INV","G.7.s30.INV"
"SCOR.s30.INV","G.7.s30.INV"
"CASS.s30.INV","G.7.s30.INV"
"TISI.s30.INV","G.7.s30.INV"
"NEWT.s30.INV","G.7.s30.INV"
"INWK.s30.INV","G.7.s30.INV"
"RRD.s30.INV","G.7.s30.INV"
"UEPS.s30.INV","G.7.s30.INV"
"REIS.s30.INV","G.7.s30.INV"
"SRT.s30.INV","G.7.s30.INV"
"PRGX.s30.INV","G.7.s30.INV"
"TPNL.s30.INV","G.7.s30.INV"
"ACTG.s30.INV","G.7.s30.INV"
"PFSW.s30.INV","G.7.s30.INV"
"CLCT.s30.INV","G.7.s30.INV"
"ARC.s30.INV","G.7.s30.INV"
"STCN.s30.INV","G.7.s30.INV"
"ITUS.s30.INV","G.7.s30.INV"
"OMEX.s30.INV","G.7.s30.INV"
"ALJJ.s30.INV","G.7.s30.INV"
"BDX.INV","G.8.INV"
"ISRG.INV","G.8.INV"
"ILMN.INV","G.8.INV"
"BAX.INV","G.8.INV"
"RMD.INV","G.8.INV"
"MTD.INV","G.8.INV"
"WAT.INV","G.8.INV"
"COO.INV","G.8.INV"
"TFX.INV","G.8.INV"
"HOLX.INV","G.8.INV"
"VAR.INV","G.8.INV"
"STE.INV","G.8.INV"
"WST.INV","G.8.INV"
"XRAY.INV","G.8.INV"
"PODD.INV","G.8.INV"
"HRC.INV","G.8.INV"
"ICUI.INV","G.8.INV"
"MASI.INV","G.8.INV"
"HAE.INV","G.8.INV"
"IART.INV","G.8.INV"
"CMD.INV","G.8.INV"
"MMSI.INV","G.8.INV"
"STAA.INV","G.8.INV"
"NXTM.INV","G.8.INV"
"LMNX.INV","G.8.INV"
"ATRC.INV","G.8.INV"
"ATRI.INV","G.8.INV"
"TRXC.INV","G.8.INV"
"OSUR.INV","G.8.INV"
"ANGO.INV","G.8.INV"
"LMAT.INV","G.8.INV"
"ATRS.INV","G.8.INV"
"UTMD.INV","G.8.INV"
"CRHM.INV","G.8.INV"
"BLFS.INV","G.8.INV"
"MBOT.INV","G.8.INV"
"BVX.INV","G.8.INV"
"HBIO.INV","G.8.INV"
"ELGX.INV","G.8.INV"
"ATEC.INV","G.8.INV"
"LAKE.INV","G.8.INV"
"SSKN.INV","G.8.INV"
"INFU.INV","G.8.INV"
"CASM.INV","G.8.INV"
"BIOL.INV","G.8.INV"
"PDEX.INV","G.8.INV"
"ISR.INV","G.8.INV"
"BMRA.INV","G.8.INV"
"MLSS.INV","G.8.INV"
"RVP.INV","G.8.INV"
"BDX.s1.INV","G.8.s1.INV"
"ISRG.s1.INV","G.8.s1.INV"
"ILMN.s1.INV","G.8.s1.INV"
"BAX.s1.INV","G.8.s1.INV"
"RMD.s1.INV","G.8.s1.INV"
"MTD.s1.INV","G.8.s1.INV"
"WAT.s1.INV","G.8.s1.INV"
"COO.s1.INV","G.8.s1.INV"
"TFX.s1.INV","G.8.s1.INV"
"HOLX.s1.INV","G.8.s1.INV"
"VAR.s1.INV","G.8.s1.INV"
"STE.s1.INV","G.8.s1.INV"
"WST.s1.INV","G.8.s1.INV"
"XRAY.s1.INV","G.8.s1.INV"
"PODD.s1.INV","G.8.s1.INV"
"HRC.s1.INV","G.8.s1.INV"
"ICUI.s1.INV","G.8.s1.INV"
"MASI.s1.INV","G.8.s1.INV"
"HAE.s1.INV","G.8.s1.INV"
"IART.s1.INV","G.8.s1.INV"
"CMD.s1.INV","G.8.s1.INV"
"MMSI.s1.INV","G.8.s1.INV"
"STAA.s1.INV","G.8.s1.INV"
"NXTM.s1.INV","G.8.s1.INV"
"LMNX.s1.INV","G.8.s1.INV"
"ATRC.s1.INV","G.8.s1.INV"
"ATRI.s1.INV","G.8.s1.INV"
"TRXC.s1.INV","G.8.s1.INV"
"OSUR.s1.INV","G.8.s1.INV"
"ANGO.s1.INV","G.8.s1.INV"
"LMAT.s1.INV","G.8.s1.INV"
"ATRS.s1.INV","G.8.s1.INV"
"UTMD.s1.INV","G.8.s1.INV"
"CRHM.s1.INV","G.8.s1.INV"
"BLFS.s1.INV","G.8.s1.INV"
"MBOT.s1.INV","G.8.s1.INV"
"BVX.s1.INV","G.8.s1.INV"
"HBIO.s1.INV","G.8.s1.INV"
"ELGX.s1.INV","G.8.s1.INV"
"ATEC.s1.INV","G.8.s1.INV"
"LAKE.s1.INV","G.8.s1.INV"
"SSKN.s1.INV","G.8.s1.INV"
"INFU.s1.INV","G.8.s1.INV"
"CASM.s1.INV","G.8.s1.INV"
"BIOL.s1.INV","G.8.s1.INV"
"PDEX.s1.INV","G.8.s1.INV"
"ISR.s1.INV","G.8.s1.INV"
"BMRA.s1.INV","G.8.s1.INV"
"MLSS.s1.INV","G.8.s1.INV"
"RVP.s1.INV","G.8.s1.INV"
"BDX.s5.INV","G.8.s5.INV"
"ISRG.s5.INV","G.8.s5.INV"
"ILMN.s5.INV","G.8.s5.INV"
"BAX.s5.INV","G.8.s5.INV"
"RMD.s5.INV","G.8.s5.INV"
"MTD.s5.INV","G.8.s5.INV"
"WAT.s5.INV","G.8.s5.INV"
"COO.s5.INV","G.8.s5.INV"
"TFX.s5.INV","G.8.s5.INV"
"HOLX.s5.INV","G.8.s5.INV"
"VAR.s5.INV","G.8.s5.INV"
"STE.s5.INV","G.8.s5.INV"
"WST.s5.INV","G.8.s5.INV"
"XRAY.s5.INV","G.8.s5.INV"
"PODD.s5.INV","G.8.s5.INV"
"HRC.s5.INV","G.8.s5.INV"
"ICUI.s5.INV","G.8.s5.INV"
"MASI.s5.INV","G.8.s5.INV"
"HAE.s5.INV","G.8.s5.INV"
"IART.s5.INV","G.8.s5.INV"
"CMD.s5.INV","G.8.s5.INV"
"MMSI.s5.INV","G.8.s5.INV"
"STAA.s5.INV","G.8.s5.INV"
"NXTM.s5.INV","G.8.s5.INV"
"LMNX.s5.INV","G.8.s5.INV"
"ATRC.s5.INV","G.8.s5.INV"
"ATRI.s5.INV","G.8.s5.INV"
"TRXC.s5.INV","G.8.s5.INV"
"OSUR.s5.INV","G.8.s5.INV"
"ANGO.s5.INV","G.8.s5.INV"
"LMAT.s5.INV","G.8.s5.INV"
"ATRS.s5.INV","G.8.s5.INV"
"UTMD.s5.INV","G.8.s5.INV"
"CRHM.s5.INV","G.8.s5.INV"
"BLFS.s5.INV","G.8.s5.INV"
"MBOT.s5.INV","G.8.s5.INV"
"BVX.s5.INV","G.8.s5.INV"
"HBIO.s5.INV","G.8.s5.INV"
"ELGX.s5.INV","G.8.s5.INV"
"ATEC.s5.INV","G.8.s5.INV"
"LAKE.s5.INV","G.8.s5.INV"
"SSKN.s5.INV","G.8.s5.INV"
"INFU.s5.INV","G.8.s5.INV"
"CASM.s5.INV","G.8.s5.INV"
"BIOL.s5.INV","G.8.s5.INV"
"PDEX.s5.INV","G.8.s5.INV"
"ISR.s5.INV","G.8.s5.INV"
"BMRA.s5.INV","G.8.s5.INV"
"MLSS.s5.INV","G.8.s5.INV"
"RVP.s5.INV","G.8.s5.INV"
"BDX.s30.INV","G.8.s30.INV"
"ISRG.s30.INV","G.8.s30.INV"
"ILMN.s30.INV","G.8.s30.INV"
"BAX.s30.INV","G.8.s30.INV"
"RMD.s30.INV","G.8.s30.INV"
"MTD.s30.INV","G.8.s30.INV"
"WAT.s30.INV","G.8.s30.INV"
"COO.s30.INV","G.8.s30.INV"
"TFX.s30.INV","G.8.s30.INV"
"HOLX.s30.INV","G.8.s30.INV"
"VAR.s30.INV","G.8.s30.INV"
"STE.s30.INV","G.8.s30.INV"
"WST.s30.INV","G.8.s30.INV"
"XRAY.s30.INV","G.8.s30.INV"
"PODD.s30.INV","G.8.s30.INV"
"HRC.s30.INV","G.8.s30.INV"
"ICUI.s30.INV","G.8.s30.INV"
"MASI.s30.INV","G.8.s30.INV"
"HAE.s30.INV","G.8.s30.INV"
"IART.s30.INV","G.8.s30.INV"
"CMD.s30.INV","G.8.s30.INV"
"MMSI.s30.INV","G.8.s30.INV"
"STAA.s30.INV","G.8.s30.INV"
"NXTM.s30.INV","G.8.s30.INV"
"LMNX.s30.INV","G.8.s30.INV"
"ATRC.s30.INV","G.8.s30.INV"
"ATRI.s30.INV","G.8.s30.INV"
"TRXC.s30.INV","G.8.s30.INV"
"OSUR.s30.INV","G.8.s30.INV"
"ANGO.s30.INV","G.8.s30.INV"
"LMAT.s30.INV","G.8.s30.INV"
"ATRS.s30.INV","G.8.s30.INV"
"UTMD.s30.INV","G.8.s30.INV"
"CRHM.s30.INV","G.8.s30.INV"
"BLFS.s30.INV","G.8.s30.INV"
"MBOT.s30.INV","G.8.s30.INV"
"BVX.s30.INV","G.8.s30.INV"
"HBIO.s30.INV","G.8.s30.INV"
"ELGX.s30.INV","G.8.s30.INV"
"ATEC.s30.INV","G.8.s30.INV"
"LAKE.s30.INV","G.8.s30.INV"
"SSKN.s30.INV","G.8.s30.INV"
"INFU.s30.INV","G.8.s30.INV"
"CASM.s30.INV","G.8.s30.INV"
"BIOL.s30.INV","G.8.s30.INV"
"PDEX.s30.INV","G.8.s30.INV"
"ISR.s30.INV","G.8.s30.INV"
"BMRA.s30.INV","G.8.s30.INV"
"MLSS.s30.INV","G.8.s30.INV"
"RVP.s30.INV","G.8.s30.INV"
"SBNY.INV","G.9.INV"
"SNV.INV","G.9.INV"
"FCNCA.INV","G.9.INV"
"UBSI.INV","G.9.INV"
"SSB.INV","G.9.INV"
"UBSH.INV","G.9.INV"
"UCBI.INV","G.9.INV"
"TOWN.INV","G.9.INV"
"ABCB.INV","G.9.INV"
"WSBC.INV","G.9.INV"
"BANR.INV","G.9.INV"
"EGBN.INV","G.9.INV"
"WSFS.INV","G.9.INV"
"SBCF.INV","G.9.INV"
"SASR.INV","G.9.INV"
"SBSI.INV","G.9.INV"
"CHCO.INV","G.9.INV"
"FBNC.INV","G.9.INV"
"BMTC.INV","G.9.INV"
"GBNK.INV","G.9.INV"
"LION.INV","G.9.INV"
"OLBK.INV","G.9.INV"
"ANCX.INV","G.9.INV"
"TBBK.INV","G.9.INV"
"FCBC.INV","G.9.INV"
"FISI.INV","G.9.INV"
"SONA.INV","G.9.INV"
"CCBG.INV","G.9.INV"
"AMNB.INV","G.9.INV"
"HBMD.INV","G.9.INV"
"CZNC.INV","G.9.INV"
"NKSH.INV","G.9.INV"
"SMMF.INV","G.9.INV"
"LCNB.INV","G.9.INV"
"SHBI.INV","G.9.INV"
"SLCT.INV","G.9.INV"
"CFFI.INV","G.9.INV"
"BOCH.INV","G.9.INV"
"PWOD.INV","G.9.INV"
"TCFC.INV","G.9.INV"
"PEBK.INV","G.9.INV"
"DNBF.INV","G.9.INV"
"CBAN.INV","G.9.INV"
"OPOF.INV","G.9.INV"
"FUNC.INV","G.9.INV"
"SVBI.INV","G.9.INV"
"BKSC.INV","G.9.INV"
"BOTJ.INV","G.9.INV"
"CART.INV","G.9.INV"
"SGB.INV","G.9.INV"
"SBNY.s1.INV","G.9.s1.INV"
"SNV.s1.INV","G.9.s1.INV"
"FCNCA.s1.INV","G.9.s1.INV"
"UBSI.s1.INV","G.9.s1.INV"
"SSB.s1.INV","G.9.s1.INV"
"UBSH.s1.INV","G.9.s1.INV"
"UCBI.s1.INV","G.9.s1.INV"
"TOWN.s1.INV","G.9.s1.INV"
"ABCB.s1.INV","G.9.s1.INV"
"WSBC.s1.INV","G.9.s1.INV"
"BANR.s1.INV","G.9.s1.INV"
"EGBN.s1.INV","G.9.s1.INV"
"WSFS.s1.INV","G.9.s1.INV"
"SBCF.s1.INV","G.9.s1.INV"
"SASR.s1.INV","G.9.s1.INV"
"SBSI.s1.INV","G.9.s1.INV"
"CHCO.s1.INV","G.9.s1.INV"
"FBNC.s1.INV","G.9.s1.INV"
"BMTC.s1.INV","G.9.s1.INV"
"GBNK.s1.INV","G.9.s1.INV"
"LION.s1.INV","G.9.s1.INV"
"OLBK.s1.INV","G.9.s1.INV"
"ANCX.s1.INV","G.9.s1.INV"
"TBBK.s1.INV","G.9.s1.INV"
"FCBC.s1.INV","G.9.s1.INV"
"FISI.s1.INV","G.9.s1.INV"
"SONA.s1.INV","G.9.s1.INV"
"CCBG.s1.INV","G.9.s1.INV"
"AMNB.s1.INV","G.9.s1.INV"
"HBMD.s1.INV","G.9.s1.INV"
"CZNC.s1.INV","G.9.s1.INV"
"NKSH.s1.INV","G.9.s1.INV"
"SMMF.s1.INV","G.9.s1.INV"
"LCNB.s1.INV","G.9.s1.INV"
"SHBI.s1.INV","G.9.s1.INV"
"SLCT.s1.INV","G.9.s1.INV"
"CFFI.s1.INV","G.9.s1.INV"
"BOCH.s1.INV","G.9.s1.INV"
"PWOD.s1.INV","G.9.s1.INV"
"TCFC.s1.INV","G.9.s1.INV"
"PEBK.s1.INV","G.9.s1.INV"
"DNBF.s1.INV","G.9.s1.INV"
"CBAN.s1.INV","G.9.s1.INV"
"OPOF.s1.INV","G.9.s1.INV"
"FUNC.s1.INV","G.9.s1.INV"
"SVBI.s1.INV","G.9.s1.INV"
"BKSC.s1.INV","G.9.s1.INV"
"BOTJ.s1.INV","G.9.s1.INV"
"CART.s1.INV","G.9.s1.INV"
"SGB.s1.INV","G.9.s1.INV"
"SBNY.s5.INV","G.9.s5.INV"
"SNV.s5.INV","G.9.s5.INV"
"FCNCA.s5.INV","G.9.s5.INV"
"UBSI.s5.INV","G.9.s5.INV"
"SSB.s5.INV","G.9.s5.INV"
"UBSH.s5.INV","G.9.s5.INV"
"UCBI.s5.INV","G.9.s5.INV"
"TOWN.s5.INV","G.9.s5.INV"
"ABCB.s5.INV","G.9.s5.INV"
"WSBC.s5.INV","G.9.s5.INV"
"BANR.s5.INV","G.9.s5.INV"
"EGBN.s5.INV","G.9.s5.INV"
"WSFS.s5.INV","G.9.s5.INV"
"SBCF.s5.INV","G.9.s5.INV"
"SASR.s5.INV","G.9.s5.INV"
"SBSI.s5.INV","G.9.s5.INV"
"CHCO.s5.INV","G.9.s5.INV"
"FBNC.s5.INV","G.9.s5.INV"
"BMTC.s5.INV","G.9.s5.INV"
"GBNK.s5.INV","G.9.s5.INV"
"LION.s5.INV","G.9.s5.INV"
"OLBK.s5.INV","G.9.s5.INV"
"ANCX.s5.INV","G.9.s5.INV"
"TBBK.s5.INV","G.9.s5.INV"
"FCBC.s5.INV","G.9.s5.INV"
"FISI.s5.INV","G.9.s5.INV"
"SONA.s5.INV","G.9.s5.INV"
"CCBG.s5.INV","G.9.s5.INV"
"AMNB.s5.INV","G.9.s5.INV"
"HBMD.s5.INV","G.9.s5.INV"
"CZNC.s5.INV","G.9.s5.INV"
"NKSH.s5.INV","G.9.s5.INV"
"SMMF.s5.INV","G.9.s5.INV"
"LCNB.s5.INV","G.9.s5.INV"
"SHBI.s5.INV","G.9.s5.INV"
"SLCT.s5.INV","G.9.s5.INV"
"CFFI.s5.INV","G.9.s5.INV"
"BOCH.s5.INV","G.9.s5.INV"
"PWOD.s5.INV","G.9.s5.INV"
"TCFC.s5.INV","G.9.s5.INV"
"PEBK.s5.INV","G.9.s5.INV"
"DNBF.s5.INV","G.9.s5.INV"
"CBAN.s5.INV","G.9.s5.INV"
"OPOF.s5.INV","G.9.s5.INV"
"FUNC.s5.INV","G.9.s5.INV"
"SVBI.s5.INV","G.9.s5.INV"
"BKSC.s5.INV","G.9.s5.INV"
"BOTJ.s5.INV","G.9.s5.INV"
"CART.s5.INV","G.9.s5.INV"
"SGB.s5.INV","G.9.s5.INV"
"SBNY.s30.INV","G.9.s30.INV"
"SNV.s30.INV","G.9.s30.INV"
"FCNCA.s30.INV","G.9.s30.INV"
"UBSI.s30.INV","G.9.s30.INV"
"SSB.s30.INV","G.9.s30.INV"
"UBSH.s30.INV","G.9.s30.INV"
"UCBI.s30.INV","G.9.s30.INV"
"TOWN.s30.INV","G.9.s30.INV"
"ABCB.s30.INV","G.9.s30.INV"
"WSBC.s30.INV","G.9.s30.INV"
"BANR.s30.INV","G.9.s30.INV"
"EGBN.s30.INV","G.9.s30.INV"
"WSFS.s30.INV","G.9.s30.INV"
"SBCF.s30.INV","G.9.s30.INV"
"SASR.s30.INV","G.9.s30.INV"
"SBSI.s30.INV","G.9.s30.INV"
"CHCO.s30.INV","G.9.s30.INV"
"FBNC.s30.INV","G.9.s30.INV"
"BMTC.s30.INV","G.9.s30.INV"
"GBNK.s30.INV","G.9.s30.INV"
"LION.s30.INV","G.9.s30.INV"
"OLBK.s30.INV","G.9.s30.INV"
"ANCX.s30.INV","G.9.s30.INV"
"TBBK.s30.INV","G.9.s30.INV"
"FCBC.s30.INV","G.9.s30.INV"
"FISI.s30.INV","G.9.s30.INV"
"SONA.s30.INV","G.9.s30.INV"
"CCBG.s30.INV","G.9.s30.INV"
"AMNB.s30.INV","G.9.s30.INV"
"HBMD.s30.INV","G.9.s30.INV"
"CZNC.s30.INV","G.9.s30.INV"
"NKSH.s30.INV","G.9.s30.INV"
"SMMF.s30.INV","G.9.s30.INV"
"LCNB.s30.INV","G.9.s30.INV"
"SHBI.s30.INV","G.9.s30.INV"
"SLCT.s30.INV","G.9.s30.INV"
"CFFI.s30.INV","G.9.s30.INV"
"BOCH.s30.INV","G.9.s30.INV"
"PWOD.s30.INV","G.9.s30.INV"
"TCFC.s30.INV","G.9.s30.INV"
"PEBK.s30.INV","G.9.s30.INV"
"DNBF.s30.INV","G.9.s30.INV"
"CBAN.s30.INV","G.9.s30.INV"
"OPOF.s30.INV","G.9.s30.INV"
"FUNC.s30.INV","G.9.s30.INV"
"SVBI.s30.INV","G.9.s30.INV"
"BKSC.s30.INV","G.9.s30.INV"
"BOTJ.s30.INV","G.9.s30.INV"
"CART.s30.INV","G.9.s30.INV"
"SGB.s30.INV","G.9.s30.INV"
"MTB.INV","G.10.INV"
"WBS.INV","G.10.INV"
"VLY.INV","G.10.INV"
"FULT.INV","G.10.INV"
"INDB.INV","G.10.INV"
"NBTB.INV","G.10.INV"
"FCF.INV","G.10.INV"
"STBA.INV","G.10.INV"
"BNCL.INV","G.10.INV"
"TMP.INV","G.10.INV"
"BPFH.INV","G.10.INV"
"WASH.INV","G.10.INV"
"LBAI.INV","G.10.INV"
"TRST.INV","G.10.INV"
"UVSP.INV","G.10.INV"
"NFBK.INV","G.10.INV"
"CNOB.INV","G.10.INV"
"HBNC.INV","G.10.INV"
"ORIT.INV","G.10.INV"
"BDGE.INV","G.10.INV"
"CAC.INV","G.10.INV"
"PGC.INV","G.10.INV"
"FLIC.INV","G.10.INV"
"AROW.INV","G.10.INV"
"CCNE.INV","G.10.INV"
"BHB.INV","G.10.INV"
"FRBK.INV","G.10.INV"
"MCB.INV","G.10.INV"
"PFIS.INV","G.10.INV"
"FNLC.INV","G.10.INV"
"CVLY.INV","G.10.INV"
"MPB.INV","G.10.INV"
"CNBKA.INV","G.10.INV"
"ATLO.INV","G.10.INV"
"MBTF.INV","G.10.INV"
"NWFL.INV","G.10.INV"
"BCBP.INV","G.10.INV"
"UNB.INV","G.10.INV"
"PKBK.INV","G.10.INV"
"EVBN.INV","G.10.INV"
"SBBX.INV","G.10.INV"
"ORRF.INV","G.10.INV"
"NBN.INV","G.10.INV"
"CBFV.INV","G.10.INV"
"FCCY.INV","G.10.INV"
"TRCB.INV","G.10.INV"
"HWBK.INV","G.10.INV"
"SAL.INV","G.10.INV"
"CIZN.INV","G.10.INV"
"SSFN.INV","G.10.INV"
"MTB.s1.INV","G.10.s1.INV"
"WBS.s1.INV","G.10.s1.INV"
"VLY.s1.INV","G.10.s1.INV"
"FULT.s1.INV","G.10.s1.INV"
"INDB.s1.INV","G.10.s1.INV"
"NBTB.s1.INV","G.10.s1.INV"
"FCF.s1.INV","G.10.s1.INV"
"STBA.s1.INV","G.10.s1.INV"
"BNCL.s1.INV","G.10.s1.INV"
"TMP.s1.INV","G.10.s1.INV"
"BPFH.s1.INV","G.10.s1.INV"
"WASH.s1.INV","G.10.s1.INV"
"LBAI.s1.INV","G.10.s1.INV"
"TRST.s1.INV","G.10.s1.INV"
"UVSP.s1.INV","G.10.s1.INV"
"NFBK.s1.INV","G.10.s1.INV"
"CNOB.s1.INV","G.10.s1.INV"
"HBNC.s1.INV","G.10.s1.INV"
"ORIT.s1.INV","G.10.s1.INV"
"BDGE.s1.INV","G.10.s1.INV"
"CAC.s1.INV","G.10.s1.INV"
"PGC.s1.INV","G.10.s1.INV"
"FLIC.s1.INV","G.10.s1.INV"
"AROW.s1.INV","G.10.s1.INV"
"CCNE.s1.INV","G.10.s1.INV"
"BHB.s1.INV","G.10.s1.INV"
"FRBK.s1.INV","G.10.s1.INV"
"MCB.s1.INV","G.10.s1.INV"
"PFIS.s1.INV","G.10.s1.INV"
"FNLC.s1.INV","G.10.s1.INV"
"CVLY.s1.INV","G.10.s1.INV"
"MPB.s1.INV","G.10.s1.INV"
"CNBKA.s1.INV","G.10.s1.INV"
"ATLO.s1.INV","G.10.s1.INV"
"MBTF.s1.INV","G.10.s1.INV"
"NWFL.s1.INV","G.10.s1.INV"
"BCBP.s1.INV","G.10.s1.INV"
"UNB.s1.INV","G.10.s1.INV"
"PKBK.s1.INV","G.10.s1.INV"
"EVBN.s1.INV","G.10.s1.INV"
"SBBX.s1.INV","G.10.s1.INV"
"ORRF.s1.INV","G.10.s1.INV"
"NBN.s1.INV","G.10.s1.INV"
"CBFV.s1.INV","G.10.s1.INV"
"FCCY.s1.INV","G.10.s1.INV"
"TRCB.s1.INV","G.10.s1.INV"
"HWBK.s1.INV","G.10.s1.INV"
"SAL.s1.INV","G.10.s1.INV"
"CIZN.s1.INV","G.10.s1.INV"
"SSFN.s1.INV","G.10.s1.INV"
"MTB.s5.INV","G.10.s5.INV"
"WBS.s5.INV","G.10.s5.INV"
"VLY.s5.INV","G.10.s5.INV"
"FULT.s5.INV","G.10.s5.INV"
"INDB.s5.INV","G.10.s5.INV"
"NBTB.s5.INV","G.10.s5.INV"
"FCF.s5.INV","G.10.s5.INV"
"STBA.s5.INV","G.10.s5.INV"
"BNCL.s5.INV","G.10.s5.INV"
"TMP.s5.INV","G.10.s5.INV"
"BPFH.s5.INV","G.10.s5.INV"
"WASH.s5.INV","G.10.s5.INV"
"LBAI.s5.INV","G.10.s5.INV"
"TRST.s5.INV","G.10.s5.INV"
"UVSP.s5.INV","G.10.s5.INV"
"NFBK.s5.INV","G.10.s5.INV"
"CNOB.s5.INV","G.10.s5.INV"
"HBNC.s5.INV","G.10.s5.INV"
"ORIT.s5.INV","G.10.s5.INV"
"BDGE.s5.INV","G.10.s5.INV"
"CAC.s5.INV","G.10.s5.INV"
"PGC.s5.INV","G.10.s5.INV"
"FLIC.s5.INV","G.10.s5.INV"
"AROW.s5.INV","G.10.s5.INV"
"CCNE.s5.INV","G.10.s5.INV"
"BHB.s5.INV","G.10.s5.INV"
"FRBK.s5.INV","G.10.s5.INV"
"MCB.s5.INV","G.10.s5.INV"
"PFIS.s5.INV","G.10.s5.INV"
"FNLC.s5.INV","G.10.s5.INV"
"CVLY.s5.INV","G.10.s5.INV"
"MPB.s5.INV","G.10.s5.INV"
"CNBKA.s5.INV","G.10.s5.INV"
"ATLO.s5.INV","G.10.s5.INV"
"MBTF.s5.INV","G.10.s5.INV"
"NWFL.s5.INV","G.10.s5.INV"
"BCBP.s5.INV","G.10.s5.INV"
"UNB.s5.INV","G.10.s5.INV"
"PKBK.s5.INV","G.10.s5.INV"
"EVBN.s5.INV","G.10.s5.INV"
"SBBX.s5.INV","G.10.s5.INV"
"ORRF.s5.INV","G.10.s5.INV"
"NBN.s5.INV","G.10.s5.INV"
"CBFV.s5.INV","G.10.s5.INV"
"FCCY.s5.INV","G.10.s5.INV"
"TRCB.s5.INV","G.10.s5.INV"
"HWBK.s5.INV","G.10.s5.INV"
"SAL.s5.INV","G.10.s5.INV"
"CIZN.s5.INV","G.10.s5.INV"
"SSFN.s5.INV","G.10.s5.INV"
"MTB.s30.INV","G.10.s30.INV"
"WBS.s30.INV","G.10.s30.INV"
"VLY.s30.INV","G.10.s30.INV"
"FULT.s30.INV","G.10.s30.INV"
"INDB.s30.INV","G.10.s30.INV"
"NBTB.s30.INV","G.10.s30.INV"
"FCF.s30.INV","G.10.s30.INV"
"STBA.s30.INV","G.10.s30.INV"
"BNCL.s30.INV","G.10.s30.INV"
"TMP.s30.INV","G.10.s30.INV"
"BPFH.s30.INV","G.10.s30.INV"
"WASH.s30.INV","G.10.s30.INV"
"LBAI.s30.INV","G.10.s30.INV"
"TRST.s30.INV","G.10.s30.INV"
"UVSP.s30.INV","G.10.s30.INV"
"NFBK.s30.INV","G.10.s30.INV"
"CNOB.s30.INV","G.10.s30.INV"
"HBNC.s30.INV","G.10.s30.INV"
"ORIT.s30.INV","G.10.s30.INV"
"BDGE.s30.INV","G.10.s30.INV"
"CAC.s30.INV","G.10.s30.INV"
"PGC.s30.INV","G.10.s30.INV"
"FLIC.s30.INV","G.10.s30.INV"
"AROW.s30.INV","G.10.s30.INV"
"CCNE.s30.INV","G.10.s30.INV"
"BHB.s30.INV","G.10.s30.INV"
"FRBK.s30.INV","G.10.s30.INV"
"MCB.s30.INV","G.10.s30.INV"
"PFIS.s30.INV","G.10.s30.INV"
"FNLC.s30.INV","G.10.s30.INV"
"CVLY.s30.INV","G.10.s30.INV"
"MPB.s30.INV","G.10.s30.INV"
"CNBKA.s30.INV","G.10.s30.INV"
"ATLO.s30.INV","G.10.s30.INV"
"MBTF.s30.INV","G.10.s30.INV"
"NWFL.s30.INV","G.10.s30.INV"
"BCBP.s30.INV","G.10.s30.INV"
"UNB.s30.INV","G.10.s30.INV"
"PKBK.s30.INV","G.10.s30.INV"
"EVBN.s30.INV","G.10.s30.INV"
"SBBX.s30.INV","G.10.s30.INV"
"ORRF.s30.INV","G.10.s30.INV"
"NBN.s30.INV","G.10.s30.INV"
"CBFV.s30.INV","G.10.s30.INV"
"FCCY.s30.INV","G.10.s30.INV"
"TRCB.s30.INV","G.10.s30.INV"
"HWBK.s30.INV","G.10.s30.INV"
"SAL.s30.INV","G.10.s30.INV"
"CIZN.s30.INV","G.10.s30.INV"
"SSFN.s30.INV","G.10.s30.INV"
